PropertyName,BuildingType,PrimaryPropertyType,PropertyGFATotal,NumberofFloors,SiteEUI(kBtu/sf),SourceEUI(kBtu/sf),SiteEnergyUse(kBtu),Electricity(kBtu),NaturalGas(kBtu),SteamUse(kBtu),TotalGHGEmissions,GHGEmissionsIntensity,ENERGYSTARScore,nombre_valeurs_aberrantes,colonnes_aberrantes
Mayflower park hotel,NonResidential,Hotel,88434,12,81.69999695,182.5,7226362.5,3946027.0,1276453.0,2003882.0,249.98,2.83,60.0,3,"NumberofFloors, SteamUse(kBtu), TotalGHGEmissions"
Paramount Hotel,NonResidential,Hotel,103566,11,94.80000305,176.1000061,8387933.0,3242851.0,5145082.0,0.0,295.86,2.86,61.0,3,"NumberofFloors, NaturalGas(kBtu), TotalGHGEmissions"
5673-The Westin Seattle,NonResidential,Hotel,956110,41,96.0,241.8999939,72587024.0,49526664.0,1493800.0,21566554.0,2089.28,2.19,43.0,7,"PropertyGFATotal, NumberofFloors, SiteEnergyUse(kBtu), Electricity(kWh), Electricity(kBtu), SteamUse(kBtu), TotalGHGEmissions"
HOTEL MAX,NonResidential,Hotel,61320,10,110.8000031,216.1999969,6794584.0,2768924.0,1811213.0,2214446.25,286.43,4.67,56.0,5,"NumberofFloors, SiteEUI(kBtu/sf), SteamUse(kBtu), TotalGHGEmissions, GHGEmissionsIntensity"
WARWICK SEATTLE HOTEL (ID8),NonResidential,Hotel,175580,18,114.8000031,211.3999939,14172606.0,5368607.0,8803998.0,0.0,505.01,2.88,75.0,5,"NumberofFloors, SiteEUI(kBtu/sf), SiteEnergyUse(kBtu), NaturalGas(kBtu), TotalGHGEmissions"
West Precinct,Nonresidential COS,Other,97288,2,136.1000061,316.2999878,12086616.0,7371434.0,4715182.0,0.0,301.81,3.1,,7,"SiteEUI(kBtu/sf), SourceEUI(kBtu/sf), SiteEnergyUse(kBtu), Electricity(kWh), Electricity(kBtu), NaturalGas(kBtu), TotalGHGEmissions"
Camlin,NonResidential,Hotel,83008,11,70.80000305,146.6000061,5758795.0,2811215.0,2947580.0,0.0,176.14,2.12,27.0,1,NumberofFloors
Paramount Theatre,NonResidential,Other,102761,8,61.29999924,141.6999969,6298131.5,3636655.0,385189.0,2276286.5,221.51,2.16,,2,"SteamUse(kBtu), TotalGHGEmissions"
311wh-Pioneer Square,NonResidential,Hotel,163984,15,83.69999695,180.8999939,13723820.0,7297919.0,6425900.0,0.0,392.16,2.39,43.0,6,"NumberofFloors, SiteEnergyUse(kBtu), Electricity(kWh), Electricity(kBtu), NaturalGas(kBtu), TotalGHGEmissions"
Lyon Building,Multifamily MR (5-9),Mid-Rise Multifamily,63712,6,81.5,182.6999969,4573777.0,2532015.0,1002026.0,1039735.188,151.12,2.37,1.0,1,SteamUse(kBtu)
Hotel Monaco Seattle,NonResidential,Hotel,153163,11,119.5999985,228.1999969,16016644.0,6187627.0,4591850.0,5237165.5,691.26,4.51,30.0,9,"NumberofFloors, SiteEUI(kBtu/sf), SiteEnergyUse(kBtu), Electricity(kWh), Electricity(kBtu), NaturalGas(kBtu), SteamUse(kBtu), TotalGHGEmissions, GHGEmissionsIntensity"
5679-W Seattle,NonResidential,Hotel,333176,25,80.0,199.0,26941110.0,18083049.0,2858700.0,5999360.5,740.97,2.22,36.0,7,"PropertyGFATotal, NumberofFloors, SiteEnergyUse(kBtu), Electricity(kWh), Electricity(kBtu), SteamUse(kBtu), TotalGHGEmissions"
Executive Pacific Plaza,NonResidential,Hotel,65009,9,101.5,153.6000061,6596057.5,1343000.0,3596705.0,1656352.5,328.23,5.05,48.0,4,"NaturalGas(kBtu), SteamUse(kBtu), TotalGHGEmissions, GHGEmissionsIntensity"
Crowne Plaza Hotel Seattle,NonResidential,Hotel,315952,33,75.5,179.8999939,22325364.0,13904183.0,4083440.0,4337738.5,648.62,2.05,58.0,8,"PropertyGFATotal, NumberofFloors, SiteEnergyUse(kBtu), Electricity(kWh), Electricity(kBtu), NaturalGas(kBtu), SteamUse(kBtu), TotalGHGEmissions"
Hotel Vintage Seattle,NonResidential,Hotel,92190,11,159.5,297.3999939,10750010.0,3832369.0,2046793.0,4870847.5,511.39,5.55,35.0,7,"NumberofFloors, SiteEUI(kBtu/sf), SourceEUI(kBtu/sf), SiteEnergyUse(kBtu), SteamUse(kBtu), TotalGHGEmissions, GHGEmissionsIntensity"
The Seattle Public Library - Central Library,Nonresidential COS,Other,412000,11,50.79999924,155.6000061,18588860.0,17851297.0,0.0,737559.5,181.38,0.44,,6,"PropertyGFATotal, NumberofFloors, SiteEnergyUse(kBtu), Electricity(kWh), Electricity(kBtu), SteamUse(kBtu)"
Downtown Seattle YMCA,NonResidential,Other,103911,6,76.59999847,157.3999939,9956396.0,4453868.0,910180.0,4592347.5,433.86,4.18,,4,"SiteEnergyUse(kBtu), SteamUse(kBtu), TotalGHGEmissions, GHGEmissionsIntensity"
Renaissance Seattle Hotel,NonResidential,Hotel,416281,28,96.30000305,228.5,33556756.0,21225277.0,12331475.0,0.0,802.89,1.93,31.0,7,"PropertyGFATotal, NumberofFloors, SiteEnergyUse(kBtu), Electricity(kWh), Electricity(kBtu), NaturalGas(kBtu), TotalGHGEmissions"
The Rainier Club,NonResidential,Mixed Use Property,57452,5,132.3999939,280.7000122,7606084.5,3764791.0,2065091.0,1776201.875,273.02,4.75,,5,"SiteEUI(kBtu/sf), SourceEUI(kBtu/sf), SteamUse(kBtu), TotalGHGEmissions, GHGEmissionsIntensity"
Arctic Club Seattle,NonResidential,Hotel,104352,10,97.30000305,225.5,10154608.0,5908370.0,815376.0,3430862.0,349.32,3.35,39.0,5,"NumberofFloors, SiteEnergyUse(kBtu), SteamUse(kBtu), TotalGHGEmissions, GHGEmissionsIntensity"
King County Courthouse,NonResidential,Other,540360,10,83.69999695,182.6999969,44984468.0,24357833.0,20626631.0,0.0,1265.29,2.34,76.0,7,"PropertyGFATotal, NumberofFloors, SiteEnergyUse(kBtu), Electricity(kWh), Electricity(kBtu), NaturalGas(kBtu), TotalGHGEmissions"
King County Correctional Facility,NonResidential,Other,385274,19,124.1999969,229.5,47859812.0,18257661.0,29602150.0,0.0,1699.45,4.41,,9,"PropertyGFATotal, NumberofFloors, SiteEUI(kBtu/sf), SiteEnergyUse(kBtu), Electricity(kWh), Electricity(kBtu), NaturalGas(kBtu), TotalGHGEmissions, GHGEmissionsIntensity"
Main Campus Center,NonResidential,University,126593,7,90.69999695,173.0,11343686.0,4647474.0,6696211.0,0.0,388.04,3.07,,3,"SiteEnergyUse(kBtu), NaturalGas(kBtu), TotalGHGEmissions"
Homewood Suites,NonResidential,Hotel,158676,8,45.5,58.0,5328051.5,572307.0,4755745.0,0.0,256.57,1.62,,2,"NaturalGas(kBtu), TotalGHGEmissions"
Marriott Springhill Suites (33),NonResidential,Hotel,171866,10,85.80000305,181.1000061,11061916.0,5610706.0,5451210.0,0.0,328.63,1.91,57.0,4,"NumberofFloors, SiteEnergyUse(kBtu), NaturalGas(kBtu), TotalGHGEmissions"
Jane Addams Middle,SPS-District K-12,K-12 School,160645,2,41.29999924,68.09999847,6779173.0,1947601.0,4831572.0,0.0,270.18,1.68,75.0,2,"NaturalGas(kBtu), TotalGHGEmissions"
Silver Cloud University,NonResidential,Hotel,81871,4,81.5,162.5,6668568.5,3016399.0,3652169.0,0.0,215.0,2.63,29.0,1,NaturalGas(kBtu)
Plant 2 Site,Campus,Mixed Use Property,494835,3,221.6999969,388.2000122,448385312.0,150476283.0,297909000.0,0.0,16870.98,34.09,8.0,9,"PropertyGFATotal, SiteEUI(kBtu/sf), SourceEUI(kBtu/sf), SiteEnergyUse(kBtu), Electricity(kWh), Electricity(kBtu), NaturalGas(kBtu), TotalGHGEmissions, GHGEmissionsIntensity"
Seattle 11-13,NonResidential,Warehouse,714095,2,46.40000153,145.8999939,44731160.0,44731153.0,0.0,0.0,311.84,0.44,,5,"PropertyGFATotal, SiteEnergyUse(kBtu), Electricity(kWh), Electricity(kBtu), TotalGHGEmissions"
Eckstein Middle,SPS-District K-12,K-12 School,175565,2,35.0,55.0,6399127.5,1599684.0,4799443.0,0.0,266.05,1.52,88.0,2,"NaturalGas(kBtu), TotalGHGEmissions"
Blanchet High School,NonResidential,K-12 School,175015,3,40.0,74.0,6994740.5,2679739.0,4315001.0,0.0,247.85,1.42,95.0,2,"NaturalGas(kBtu), TotalGHGEmissions"
Seattle Hilton Hotel,NonResidential,Hotel,332210,24,46.40000153,121.8000031,16163194.0,12204406.0,3958787.0,0.0,295.33,0.89,67.0,7,"PropertyGFATotal, NumberofFloors, SiteEnergyUse(kBtu), Electricity(kWh), Electricity(kBtu), NaturalGas(kBtu), TotalGHGEmissions"
5th and Pine,NonResidential,Large Office,168115,5,56.29999924,176.6000061,9536161.0,9536160.0,0.0,0.0,66.48,0.4,78.0,3,"SiteEnergyUse(kBtu), Electricity(kWh), Electricity(kBtu)"
Gibraltar Tower,NonResidential,Small- and Mid-Sized Office,59400,8,85.40000153,398.7000122,5071974.0,5071973.0,0.0,0.0,35.36,0.6,14.0,1,SourceEUI(kBtu/sf)
Mann Building,NonResidential,Mixed Use Property,52549,2,286.3999939,485.2999878,15026196.0,4632459.0,10393737.0,0.0,584.31,11.12,,6,"SiteEUI(kBtu/sf), SourceEUI(kBtu/sf), SiteEnergyUse(kBtu), NaturalGas(kBtu), TotalGHGEmissions, GHGEmissionsIntensity"
Roosevelt Hotel,NonResidential,Hotel,98634,20,54.59999847,158.6000061,4841347.5,4290059.0,551288.0,0.0,59.19,0.6,71.0,1,NumberofFloors
Sheraton Seattle Hotel,NonResidential,Hotel,994212,34,80.90000153,182.5,80469216.0,45545529.0,23324992.0,11598686.0,2451.58,2.47,63.0,8,"PropertyGFATotal, NumberofFloors, SiteEnergyUse(kBtu), Electricity(kWh), Electricity(kBtu), NaturalGas(kBtu), SteamUse(kBtu), TotalGHGEmissions"
Moore Hotel INC,NonResidential,Hotel,122810,7,44.0,68.19999695,5401277.5,1293561.0,4107716.0,0.0,227.18,1.85,99.0,2,"NaturalGas(kBtu), TotalGHGEmissions"
Rainier Hospitality,NonResidential,Hotel,150453,7,60.70000076,128.0,6715187.0,3396109.0,3319078.0,0.0,199.95,1.33,84.0,1,NaturalGas(kBtu)
PSSA - The Mount,NonResidential,Senior Care Community,217603,5,144.3999939,235.0,42792072.0,11824772.0,30967300.0,0.0,1727.11,7.94,54.0,8,"PropertyGFATotal, SiteEUI(kBtu/sf), SiteEnergyUse(kBtu), Electricity(kWh), Electricity(kBtu), NaturalGas(kBtu), TotalGHGEmissions, GHGEmissionsIntensity"
Foss Home and Village,NonResidential,Senior Care Community,93397,2,175.6000061,311.5,16402563.0,5679498.0,10723064.0,0.0,609.1,6.52,1.0,6,"SiteEUI(kBtu/sf), SourceEUI(kBtu/sf), SiteEnergyUse(kBtu), NaturalGas(kBtu), TotalGHGEmissions, GHGEmissionsIntensity"
Polyclinic North && South,NonResidential,Medical Office,179014,3,93.30000305,213.3999939,16701055.0,9886484.0,6814570.0,0.0,430.84,2.41,48.0,5,"SiteEnergyUse(kBtu), Electricity(kWh), Electricity(kBtu), NaturalGas(kBtu), TotalGHGEmissions"
Sorrento Hotel,NonResidential,Hotel,76631,7,94.69999695,172.0,7258758.5,2660742.0,4598016.0,0.0,262.75,3.43,71.0,3,"NaturalGas(kBtu), TotalGHGEmissions, GHGEmissionsIntensity"
Central Seattle,NonResidential,Mixed Use Property,99780,6,204.5,505.7999878,15473117.0,10145313.0,0.0,5327802.5,481.97,4.83,,8,"SiteEUI(kBtu/sf), SourceEUI(kBtu/sf), SiteEnergyUse(kBtu), Electricity(kWh), Electricity(kBtu), SteamUse(kBtu), TotalGHGEmissions, GHGEmissionsIntensity"
City Place III - SEDO,NonResidential,Large Office,316306,5,48.0,144.0,13795954.0,12871091.0,924861.0,0.0,138.85,0.44,96.0,4,"PropertyGFATotal, SiteEnergyUse(kBtu), Electricity(kWh), Electricity(kBtu)"
Residence Inn Seattle - Lake Union,NonResidential,Hotel,282863,7,82.5,184.0,19459304.0,10980652.0,8478651.0,0.0,526.85,1.86,37.0,6,"PropertyGFATotal, SiteEnergyUse(kBtu), Electricity(kWh), Electricity(kBtu), NaturalGas(kBtu), TotalGHGEmissions"
Key Arena,Nonresidential COS,Other,389000,1,64.30000305,151.6000061,23658978.0,14419146.0,688680.0,6093150.0,607.41,1.56,,6,"PropertyGFATotal, SiteEnergyUse(kBtu), Electricity(kWh), Electricity(kBtu), SteamUse(kBtu), TotalGHGEmissions"
Bagley Wright Theatre,Nonresidential COS,Other,91213,1,125.1999969,261.7000122,8141155.5,3754115.0,0.0,4120130.0,344.2,3.77,,5,"SiteEUI(kBtu/sf), SourceEUI(kBtu/sf), SteamUse(kBtu), TotalGHGEmissions, GHGEmissionsIntensity"
Armory,Nonresidential COS,Other,396085,5,75.19999695,138.1000061,20955026.0,7252325.0,0.0,9763690.0,804.2,2.03,,6,"PropertyGFATotal, SiteEnergyUse(kBtu), Electricity(kWh), Electricity(kBtu), SteamUse(kBtu), TotalGHGEmissions"
City Place IV - SEDO,NonResidential,Large Office,571329,12,63.40000153,174.1999969,39605888.0,32206199.0,7399685.0,0.0,617.52,1.08,91.0,7,"PropertyGFATotal, NumberofFloors, SiteEnergyUse(kBtu), Electricity(kWh), Electricity(kBtu), NaturalGas(kBtu), TotalGHGEmissions"
Exhibition Hall,Nonresidential COS,Other,52000,2,52.40000153,110.4000015,2726369.0,1293349.0,0.0,1202380.0,101.83,1.96,,1,SteamUse(kBtu)
McCaw Hall,Nonresidential COS,Other,262048,2,70.0,171.1999969,20723248.0,13512686.0,0.0,5137220.0,490.73,1.87,,6,"PropertyGFATotal, SiteEnergyUse(kBtu), Electricity(kWh), Electricity(kBtu), SteamUse(kBtu), TotalGHGEmissions"
Bill and Melinda Gates Foundation,NonResidential,Large Office,920598,6,49.79999924,130.8000031,36667044.0,27597261.0,9069780.0,0.0,674.09,0.73,93.0,6,"PropertyGFATotal, SiteEnergyUse(kBtu), Electricity(kWh), Electricity(kBtu), NaturalGas(kBtu), TotalGHGEmissions"
UNIVERSITY INN,NonResidential,Hotel,50017,4,108.9000015,203.3000031,5448975.0,2128306.0,3320669.0,0.0,191.2,3.82,53.0,2,"NaturalGas(kBtu), GHGEmissionsIntensity"
Holy Names Academy,NonResidential,K-12 School,194104,6,32.0,54.0,6219841.5,1887893.0,4331949.0,0.0,243.23,1.25,100.0,3,"PropertyGFATotal, NaturalGas(kBtu), TotalGHGEmissions"
Mercer International Middle,SPS-District K-12,K-12 School,130862,1,48.0,85.59999847,6456026.0,2262820.0,4193207.0,0.0,238.48,1.82,61.0,2,"NaturalGas(kBtu), TotalGHGEmissions"
Lakeview,NonResidential,Other,56521,4,129.6999969,407.3999939,6357632.0,6357631.0,0.0,0.0,44.32,0.78,,4,"SiteEUI(kBtu/sf), SourceEUI(kBtu/sf), Electricity(kWh), Electricity(kBtu)"
Roosevelt Square,NonResidential,Other,206934,2,35.70000076,72.59999847,4253577.5,2001103.0,2252474.0,0.0,133.58,0.65,,1,PropertyGFATotal
Ingraham High,SPS-District K-12,K-12 School,245587,1,47.90000153,83.69999695,11765682.0,3926011.0,7839670.0,0.0,443.73,1.81,92.0,4,"PropertyGFATotal, SiteEnergyUse(kBtu), NaturalGas(kBtu), TotalGHGEmissions"
Alexis Hotel,NonResidential,Hotel,190980,5,34.09999847,84.0,6505995.0,4402910.0,2103084.0,0.0,142.39,0.75,98.0,1,PropertyGFATotal
Benaroya Hall,Nonresidential COS,Other,284100,6,77.19999695,192.5,14641502.0,9803021.0,527343.0,4311136.0,429.12,1.51,,6,"PropertyGFATotal, SiteEnergyUse(kBtu), Electricity(kWh), Electricity(kBtu), SteamUse(kBtu), TotalGHGEmissions"
Swedish Ballard,NonResidential,Hospital,285333,5,225.0,479.5,68090728.0,35237205.0,32853512.0,0.0,1990.5,6.98,14.0,9,"PropertyGFATotal, SiteEUI(kBtu/sf), SourceEUI(kBtu/sf), SiteEnergyUse(kBtu), Electricity(kWh), Electricity(kBtu), NaturalGas(kBtu), TotalGHGEmissions, GHGEmissionsIntensity"
Fire Station 10/FAC/EOC,Nonresidential COS,Other,61156,4,130.1000061,338.2999878,9363374.0,6947270.0,2416104.0,0.0,176.75,2.89,,5,"SiteEUI(kBtu/sf), SourceEUI(kBtu/sf), SiteEnergyUse(kBtu), Electricity(kWh), Electricity(kBtu)"
Hampton Inn Seattle Center,NonResidential,Hotel,162222,4,69.90000153,150.5,7946961.0,4197462.0,3749499.0,0.0,228.4,1.41,76.0,2,"NaturalGas(kBtu), TotalGHGEmissions"
Franklin High,SPS-District K-12,K-12 School,289588,4,30.5,78.5,8819852.0,6449764.0,2370086.0,0.0,170.84,0.59,90.0,3,"PropertyGFATotal, Electricity(kWh), Electricity(kBtu)"
SSCC MAIN CAMPUS,Campus,University,441071,2,79.30000305,192.8000031,38301744.0,25314575.0,12987166.0,0.0,866.23,1.96,,6,"PropertyGFATotal, SiteEnergyUse(kBtu), Electricity(kWh), Electricity(kBtu), NaturalGas(kBtu), TotalGHGEmissions"
Seattle Children's Hospital 70th/Sand Point Way Administrative Offices,NonResidential,Small- and Mid-Sized Office,96300,2,167.8000031,476.5,16319835.0,13973696.0,2346137.0,0.0,222.02,2.31,,6,"SiteEUI(kBtu/sf), SourceEUI(kBtu/sf), SiteEnergyUse(kBtu), Electricity(kWh), Electricity(kBtu), TotalGHGEmissions"
CSC Vehicle Maintenance (E),Nonresidential COS,Other,67356,1,109.4000015,242.6999969,7475577.5,4182001.0,3293576.0,0.0,204.08,3.03,,2,"SiteEUI(kBtu/sf), NaturalGas(kBtu)"
Garfield High,SPS-District K-12,K-12 School,254523,3,53.29999924,120.3000031,13567774.0,7835065.0,5732708.0,0.0,359.09,1.41,60.0,6,"PropertyGFATotal, SiteEnergyUse(kBtu), Electricity(kWh), Electricity(kBtu), NaturalGas(kBtu), TotalGHGEmissions"
Nathan Hale High,SPS-District K-12,K-12 School,236758,2,35.0,78.69999695,8355988.5,4789948.0,3566039.0,0.0,222.78,0.94,96.0,3,"PropertyGFATotal, NaturalGas(kBtu), TotalGHGEmissions"
Youth Services Center,NonResidential,Other,250981,6,60.5,145.6000061,13071700.0,8155002.0,580172.0,4336524.5,422.39,1.68,,6,"PropertyGFATotal, SiteEnergyUse(kBtu), Electricity(kWh), Electricity(kBtu), SteamUse(kBtu), TotalGHGEmissions"
Jack R. McDonald Building,NonResidential,Other,299070,11,261.2999878,530.7000122,65336980.0,30651644.0,34685331.0,0.0,2055.82,6.87,,10,"PropertyGFATotal, NumberofFloors, SiteEUI(kBtu/sf), SourceEUI(kBtu/sf), SiteEnergyUse(kBtu), Electricity(kWh), Electricity(kBtu), NaturalGas(kBtu), TotalGHGEmissions, GHGEmissionsIntensity"
Northgate Mall,NonResidential,Retail Store,530039,1,52.29999924,118.9000015,27717034.0,16224529.0,11492503.0,0.0,723.47,1.36,98.0,6,"PropertyGFATotal, SiteEnergyUse(kBtu), Electricity(kWh), Electricity(kBtu), NaturalGas(kBtu), TotalGHGEmissions"
Seattle-Northgate,NonResidential,Other,54224,3,154.5,311.0,7265178.0,3344827.0,3920350.0,0.0,231.53,4.27,,5,"SiteEUI(kBtu/sf), SourceEUI(kBtu/sf), NaturalGas(kBtu), TotalGHGEmissions, GHGEmissionsIntensity"
Nordstrom Northgate 002,NonResidential,Retail Store,124342,4,71.90000153,223.6999969,8765978.0,8653621.0,112356.0,0.0,66.3,0.53,76.0,2,"Electricity(kWh), Electricity(kBtu)"
Seattle Children's Hospital Main Campus,NonResidential,Hospital,879000,10,288.7999878,578.2000122,253832464.0,115641210.0,138191238.0,0.0,8145.52,9.27,10.0,10,"PropertyGFATotal, NumberofFloors, SiteEUI(kBtu/sf), SourceEUI(kBtu/sf), SiteEnergyUse(kBtu), Electricity(kWh), Electricity(kBtu), NaturalGas(kBtu), TotalGHGEmissions, GHGEmissionsIntensity"
Ballard High,SPS-District K-12,K-12 School,242795,2,37.70000076,107.3000031,9157150.0,7859464.0,1297685.0,0.0,123.71,0.51,80.0,3,"PropertyGFATotal, Electricity(kWh), Electricity(kBtu)"
NSCC MAIN CAMPUS,Campus,University,694072,2,53.79999924,161.1999969,35891484.0,33450832.0,2440648.0,0.0,362.82,0.52,,5,"PropertyGFATotal, SiteEnergyUse(kBtu), Electricity(kWh), Electricity(kBtu), TotalGHGEmissions"
Aki Kurose Middle,SPS-District K-12,K-12 School,173185,2,35.40000153,58.90000153,6127771.5,1800727.0,4327044.0,0.0,242.36,1.4,79.0,2,"NaturalGas(kBtu), TotalGHGEmissions"
Boren Building,SPS-District K-12,K-12 School,145341,1,39.5,69.5,5499097.0,1864967.0,3634130.0,0.0,206.01,1.42,75.0,1,NaturalGas(kBtu)
Rainier Beach High,SPS-District K-12,K-12 School,184125,2,47.79999924,84.19999695,8800292.0,2999862.0,5800430.0,0.0,328.97,1.79,86.0,2,"NaturalGas(kBtu), TotalGHGEmissions"
Whitman Middle,SPS-District K-12,K-12 School,160270,1,0.0,0.0,0.0,0.0,4318917.0,0.0,229.38,1.43,,2,"NaturalGas(kBtu), TotalGHGEmissions"
8109,NonResidential,Warehouse,234144,1,28.79999924,42.0,6744317.0,1316817.0,5427500.0,0.0,297.43,1.27,87.0,3,"PropertyGFATotal, NaturalGas(kBtu), TotalGHGEmissions"
Westwood Village - Building B,NonResidential,Retail Store,67745,1,136.1999969,223.8999939,9230223.0,2624102.0,6606121.0,0.0,369.14,5.45,37.0,5,"SiteEUI(kBtu/sf), SiteEnergyUse(kBtu), NaturalGas(kBtu), TotalGHGEmissions, GHGEmissionsIntensity"
Denny/Sealth Campus,SPS-District K-12,K-12 School,367884,2,33.29999924,81.59999847,12265516.0,8205020.0,4060496.0,0.0,272.85,0.74,97.0,6,"PropertyGFATotal, SiteEnergyUse(kBtu), Electricity(kWh), Electricity(kBtu), NaturalGas(kBtu), TotalGHGEmissions"
Washington Middle,SPS-District K-12,K-12 School,136188,3,0.0,0.0,0.0,0.0,3217877.0,0.0,170.9,1.25,,1,NaturalGas(kBtu)
Silver Cloud Inn,NonResidential,Hotel,123920,5,75.59999847,148.1999969,9373179.0,4079217.0,5293961.0,0.0,309.6,2.5,79.0,3,"SiteEnergyUse(kBtu), NaturalGas(kBtu), TotalGHGEmissions"
Armory Building,Nonresidential COS,Other,50000,1,175.6000061,368.8999939,7548807.0,3797924.0,3750882.0,0.0,225.69,4.51,,5,"SiteEUI(kBtu/sf), SourceEUI(kBtu/sf), NaturalGas(kBtu), TotalGHGEmissions, GHGEmissionsIntensity"
311jk-Seattle Downtown/Lake Union CY,NonResidential,Hotel,207656,7,78.90000153,164.5,11171988.0,5530787.0,5641200.0,0.0,338.16,1.63,76.0,4,"PropertyGFATotal, SiteEnergyUse(kBtu), NaturalGas(kBtu), TotalGHGEmissions"
North Service Center,Nonresidential COS,Small- and Mid-Sized Office,91130,2,100.5,262.7000122,9472358.0,7093984.0,2378373.0,0.0,175.77,1.93,,4,"SourceEUI(kBtu/sf), SiteEnergyUse(kBtu), Electricity(kWh), Electricity(kBtu)"
Hotel Nexus,NonResidential,Hotel,64893,4,95.5,184.6999969,6197825.0,2620548.0,3577277.0,0.0,208.26,3.21,70.0,2,"NaturalGas(kBtu), GHGEmissionsIntensity"
Van Asselt Building - Old,SPS-District K-12,K-12 School,70762,1,51.0,68.0,3606416.0,491106.0,3115310.0,0.0,168.88,2.39,87.0,1,NaturalGas(kBtu)
CenturyLink,NonResidential,Other,1585960,6,37.70000076,104.6999969,59757440.0,49439914.0,10317518.0,0.0,892.63,0.56,,6,"PropertyGFATotal, SiteEnergyUse(kBtu), Electricity(kWh), Electricity(kBtu), NaturalGas(kBtu), TotalGHGEmissions"
SCL SSC Building A,Nonresidential COS,Distribution Center,179161,2,52.20000076,156.3000031,9436408.0,8772104.0,664302.0,0.0,96.43,0.54,,3,"SiteEnergyUse(kBtu), Electricity(kWh), Electricity(kBtu)"
Safeco Field,NonResidential,Other,1172127,3,50.09999847,125.0999985,58761304.0,40622381.0,18138920.0,0.0,1246.55,1.06,,6,"PropertyGFATotal, SiteEnergyUse(kBtu), Electricity(kWh), Electricity(kBtu), NaturalGas(kBtu), TotalGHGEmissions"
Silver Cloud Hotel - Stadium,NonResidential,Hotel,168449,9,88.19999695,183.0,12726789.0,6232233.0,6494555.0,0.0,388.37,2.31,64.0,5,"SiteEnergyUse(kBtu), Electricity(kWh), Electricity(kBtu), NaturalGas(kBtu), TotalGHGEmissions"
Lincoln Building,SPS-District K-12,K-12 School,241066,4,32.29999924,60.79999924,7791957.0,3096316.0,4695641.0,0.0,270.97,1.12,79.0,3,"PropertyGFATotal, NaturalGas(kBtu), TotalGHGEmissions"
South Park,Campus,Large Office,334368,2,159.8999939,451.2000122,53466684.0,45321378.0,8145300.0,0.0,748.55,2.24,,8,"PropertyGFATotal, SiteEUI(kBtu/sf), SourceEUI(kBtu/sf), SiteEnergyUse(kBtu), Electricity(kWh), Electricity(kBtu), NaturalGas(kBtu), TotalGHGEmissions"
Building 1,NonResidential,Other,419848,6,107.8000031,285.7000122,9134963.0,6995246.0,2139716.0,0.0,162.41,0.39,,4,"PropertyGFATotal, SourceEUI(kBtu/sf), Electricity(kWh), Electricity(kBtu)"
TriBeCa,NonResidential,Mixed Use Property,110785,4,95.30000305,291.3999939,10557910.0,10139555.0,418354.0,0.0,92.91,0.84,,4,"SourceEUI(kBtu/sf), SiteEnergyUse(kBtu), Electricity(kWh), Electricity(kBtu)"
YWCA Opportunity Place,Multifamily MR (5-9),Mid-Rise Multifamily,116947,7,79.90000153,175.3999939,10040121.0,5502627.0,4537494.0,0.0,279.35,2.39,,3,"SiteEnergyUse(kBtu), NaturalGas(kBtu), TotalGHGEmissions"
Grand Hyatt Seattle,NonResidential,Hotel,934292,0,117.9000015,272.8999939,65047284.0,39364114.0,25683162.0,0.0,1638.46,1.75,,8,"PropertyGFATotal, SiteEUI(kBtu/sf), SourceEUI(kBtu/sf), SiteEnergyUse(kBtu), Electricity(kWh), Electricity(kBtu), NaturalGas(kBtu), TotalGHGEmissions"
Swedish Cherry Hill,NonResidential,Hospital,597519,5,238.3999939,454.3999939,143423024.0,58754927.0,84668094.0,0.0,4906.33,8.21,34.0,9,"PropertyGFATotal, SiteEUI(kBtu/sf), SourceEUI(kBtu/sf), SiteEnergyUse(kBtu), Electricity(kWh), Electricity(kBtu), NaturalGas(kBtu), TotalGHGEmissions, GHGEmissionsIntensity"
Harborview Medical Center,NonResidential,Hospital,1158691,8,217.1000061,502.8999939,293090784.0,168683602.0,1832129.0,122575032.0,10734.57,9.26,29.0,9,"PropertyGFATotal, SiteEUI(kBtu/sf), SourceEUI(kBtu/sf), SiteEnergyUse(kBtu), Electricity(kWh), Electricity(kBtu), SteamUse(kBtu), TotalGHGEmissions, GHGEmissionsIntensity"
ID Village Square 1,NonResidential,Senior Care Community,102796,5,98.30000305,254.3000031,10105379.0,7428816.0,2676561.0,0.0,193.94,1.89,,4,"SourceEUI(kBtu/sf), SiteEnergyUse(kBtu), Electricity(kWh), Electricity(kBtu)"
West Seattle High,SPS-District K-12,K-12 School,208981,2,39.09999847,90.0,8164853.0,4894851.0,3270002.0,0.0,207.79,0.99,80.0,2,"PropertyGFATotal, NaturalGas(kBtu)"
Hotel Deca,NonResidential,Hotel,106860,16,111.6999969,186.8999939,11935719.0,3561742.0,8373976.0,0.0,469.57,4.39,49.0,6,"NumberofFloors, SiteEUI(kBtu/sf), SiteEnergyUse(kBtu), NaturalGas(kBtu), TotalGHGEmissions, GHGEmissionsIntensity"
Roosevelt High,SPS-District K-12,K-12 School,269297,3,39.0,96.80000305,10498344.0,7203965.0,3294379.0,0.0,225.19,0.84,80.0,6,"PropertyGFATotal, SiteEnergyUse(kBtu), Electricity(kWh), Electricity(kBtu), NaturalGas(kBtu), TotalGHGEmissions"
John Marshall Building,SPS-District K-12,K-12 School,92437,3,50.0,74.40000153,4626443.0,967866.0,3658577.0,0.0,201.05,2.17,78.0,1,NaturalGas(kBtu)
Women's Residence at Seneca,NonResidential,Residence Hall,107572,9,54.79999924,113.5,5572503.0,2496056.0,0.0,3076446.5,254.87,2.37,76.0,2,"SteamUse(kBtu), TotalGHGEmissions"
1122 3rd Ave,NonResidential,Other,230880,15,306.3999939,962.0999756,62197176.0,62197171.0,0.0,0.0,433.6,1.88,,8,"PropertyGFATotal, NumberofFloors, SiteEUI(kBtu/sf), SourceEUI(kBtu/sf), SiteEnergyUse(kBtu), Electricity(kWh), Electricity(kBtu), TotalGHGEmissions"
Cleveland STEM High,SPS-District K-12,K-12 School,204961,3,40.0,88.09999847,8190809.0,4528726.0,3662082.0,0.0,226.06,1.1,94.0,3,"PropertyGFATotal, NaturalGas(kBtu), TotalGHGEmissions"
BMR-201 Elliott Avenue LLC,NonResidential,Medical Office,190000,5,183.5,443.0,28731502.0,18745441.0,9986059.0,0.0,661.04,3.48,1.0,9,"PropertyGFATotal, SiteEUI(kBtu/sf), SourceEUI(kBtu/sf), SiteEnergyUse(kBtu), Electricity(kWh), Electricity(kBtu), NaturalGas(kBtu), TotalGHGEmissions, GHGEmissionsIntensity"
Edgewater Seattle,NonResidential,Hotel,122309,4,208.1000061,326.6000061,25453690.0,6322533.0,19131155.0,0.0,1060.13,8.67,8.0,8,"SiteEUI(kBtu/sf), SourceEUI(kBtu/sf), SiteEnergyUse(kBtu), Electricity(kWh), Electricity(kBtu), NaturalGas(kBtu), TotalGHGEmissions, GHGEmissionsIntensity"
P66 Bell Harbor International Conference Center & Cruise Terminal.,Campus,Other,215476,3,110.5999985,248.8999939,24017770.0,13788853.0,10228916.0,0.0,639.39,2.97,,8,"PropertyGFATotal, SiteEUI(kBtu/sf), SourceEUI(kBtu/sf), SiteEnergyUse(kBtu), Electricity(kWh), Electricity(kBtu), NaturalGas(kBtu), TotalGHGEmissions"
337v2-Seattle Waterfront Marriott,NonResidential,Hotel,254273,8,96.19999695,204.8999939,26659244.0,13763542.0,12895700.0,0.0,780.84,3.07,29.0,6,"PropertyGFATotal, SiteEnergyUse(kBtu), Electricity(kWh), Electricity(kBtu), NaturalGas(kBtu), TotalGHGEmissions"
Seattle Aquarium,Nonresidential COS,Other,69400,2,213.6999969,541.7000122,14833476.0,10534370.0,4299104.0,0.0,301.76,4.35,,8,"SiteEUI(kBtu/sf), SourceEUI(kBtu/sf), SiteEnergyUse(kBtu), Electricity(kWh), Electricity(kBtu), NaturalGas(kBtu), TotalGHGEmissions, GHGEmissionsIntensity"
Pier 54,NonResidential,Mixed Use Property,62900,1,158.3000031,286.7000122,10394330.0,3787933.0,6606397.0,0.0,377.27,6.0,,6,"SiteEUI(kBtu/sf), SourceEUI(kBtu/sf), SiteEnergyUse(kBtu), NaturalGas(kBtu), TotalGHGEmissions, GHGEmissionsIntensity"
Daily Journal Building,NonResidential,Small- and Mid-Sized Office,56500,4,34.5,84.5,1380293.625,887532.0,0.0,492761.8125,44.22,0.78,98.0,1,SteamUse(kBtu)
(ID320) BMW SEATTLE - SERVICE CENTER,NonResidential,Warehouse,203504,4,18.60000038,58.40000153,3785282.5,3785282.0,0.0,0.0,26.39,0.13,72.0,1,PropertyGFATotal
Cox Media Group Seattle KIRO TV (322),NonResidential,Large Office,100734,3,97.19999695,305.1000061,9788717.0,9788716.0,0.0,0.0,68.24,0.68,20.0,4,"SourceEUI(kBtu/sf), SiteEnergyUse(kBtu), Electricity(kWh), Electricity(kBtu)"
Fourth and Battery,NonResidential,Large Office,234000,12,89.40000153,276.6000061,18661606.0,18246151.0,415452.0,0.0,149.27,0.64,39.0,6,"PropertyGFATotal, NumberofFloors, SourceEUI(kBtu/sf), SiteEnergyUse(kBtu), Electricity(kWh), Electricity(kBtu)"
Westlake Tower,NonResidential,Large Office,369996,25,64.5,202.5,24755086.0,24755084.0,0.0,0.0,172.58,0.47,74.0,5,"PropertyGFATotal, NumberofFloors, SiteEnergyUse(kBtu), Electricity(kWh), Electricity(kBtu)"
Nordstrom 001,NonResidential,Retail Store,693450,10,57.79999924,173.6999969,40062888.0,37497068.0,2544584.0,21230.80078,398.19,0.57,93.0,7,"PropertyGFATotal, NumberofFloors, SiteEnergyUse(kBtu), Electricity(kWh), Electricity(kBtu), SteamUse(kBtu), TotalGHGEmissions"
1600 Seventh,NonResidential,Large Office,791396,33,60.29999924,189.5,40847752.0,40839637.0,538251.0,0.0,313.3,0.4,89.0,6,"PropertyGFATotal, NumberofFloors, SiteEnergyUse(kBtu), Electricity(kWh), Electricity(kBtu), TotalGHGEmissions"
1700 Seventh Ave,NonResidential,Large Office,747747,23,56.20000076,164.6000061,30985420.0,27883939.0,3101477.0,0.0,359.11,0.48,90.0,7,"PropertyGFATotal, NumberofFloors, SiteEnergyUse(kBtu), Electricity(kWh), Electricity(kBtu), NaturalGas(kBtu), TotalGHGEmissions"
Lloyd building,NonResidential,Small- and Mid-Sized Office,63409,10,66.90000153,131.6999969,3444270.0,1357845.0,0.0,2086424.75,170.51,2.69,90.0,2,"NumberofFloors, SteamUse(kBtu)"
The Tower Building,NonResidential,Large Office,204790,17,44.5,127.8000031,7739699.0,6736076.0,1003622.0,0.0,100.26,0.49,91.0,4,"PropertyGFATotal, NumberofFloors, Electricity(kWh), Electricity(kBtu)"
Plaza 600,NonResidential,Large Office,265851,20,64.59999847,146.6999969,14633233.0,8064399.0,0.0,6568832.0,563.25,2.12,90.0,7,"PropertyGFATotal, NumberofFloors, SiteEnergyUse(kBtu), Electricity(kWh), Electricity(kBtu), SteamUse(kBtu), TotalGHGEmissions"
West 8th,NonResidential,Large Office,758043,25,46.40000153,142.3999939,27018020.0,26131643.0,886373.0,0.0,229.25,0.3,95.0,6,"PropertyGFATotal, NumberofFloors, SiteEnergyUse(kBtu), Electricity(kWh), Electricity(kBtu), TotalGHGEmissions"
Denny Building,NonResidential,Large Office,206000,12,53.29999924,139.5,8580279.0,6267781.0,0.0,2312496.75,222.19,1.08,91.0,6,"PropertyGFATotal, NumberofFloors, Electricity(kWh), Electricity(kBtu), SteamUse(kBtu), TotalGHGEmissions"
1918 Eighth Avenue,NonResidential,Large Office,824887,36,53.20000076,166.8999939,39523852.0,39523847.0,0.0,0.0,275.54,0.33,97.0,6,"PropertyGFATotal, NumberofFloors, SiteEnergyUse(kBtu), Electricity(kWh), Electricity(kBtu), TotalGHGEmissions"
1800 Ninth,NonResidential,Large Office,480840,16,52.70000076,164.6000061,17867002.0,17733276.0,133724.0,0.0,130.73,0.27,94.0,5,"PropertyGFATotal, NumberofFloors, SiteEnergyUse(kBtu), Electricity(kWh), Electricity(kBtu)"
Broderick Building,NonResidential,Small- and Mid-Sized Office,89550,7,47.70000076,141.6000061,3903259.75,3554872.0,0.0,348386.8125,51.67,0.58,85.0,1,SteamUse(kBtu)
Dexter Horton Building,NonResidential,Large Office,388934,15,47.79999924,144.0,18576900.0,17384553.0,0.0,1192343.75,213.23,0.55,89.0,6,"PropertyGFATotal, NumberofFloors, SiteEnergyUse(kBtu), Electricity(kWh), Electricity(kBtu), SteamUse(kBtu)"
Seattle Exchange Building,NonResidential,Large Office,384302,22,28.39999962,89.30000305,10062436.0,10062435.0,0.0,0.0,70.15,0.18,98.0,5,"PropertyGFATotal, NumberofFloors, SiteEnergyUse(kBtu), Electricity(kWh), Electricity(kBtu)"
Norton Building,NonResidential,Large Office,378525,17,105.1999969,240.8999939,24906132.0,13985064.0,0.0,10921066.0,940.47,2.48,69.0,7,"PropertyGFATotal, NumberofFloors, SiteEnergyUse(kBtu), Electricity(kWh), Electricity(kBtu), SteamUse(kBtu), TotalGHGEmissions"
999 Third Avenue,NonResidential,Large Office,1323055,47,42.59999847,133.5,44683660.0,44521844.0,161812.0,0.0,318.97,0.24,94.0,6,"PropertyGFATotal, NumberofFloors, SiteEnergyUse(kBtu), Electricity(kWh), Electricity(kBtu), TotalGHGEmissions"
1000 Second Avenue,NonResidential,Large Office,589921,41,51.20000076,160.6999969,24603420.0,24603417.0,0.0,0.0,171.52,0.29,84.0,5,"PropertyGFATotal, NumberofFloors, SiteEnergyUse(kBtu), Electricity(kWh), Electricity(kBtu)"
1015 Second Avenue,NonResidential,Small- and Mid-Sized Office,91091,6,20.5,53.90000153,1835804.875,1355021.0,0.0,480784.0,46.56,0.51,,1,SteamUse(kBtu)
2nd and Seneca,NonResidential,Large Office,635303,29,34.90000153,108.8000031,18221224.0,18040489.0,0.0,180731.7969,139.72,0.22,95.0,6,"PropertyGFATotal, NumberofFloors, SiteEnergyUse(kBtu), Electricity(kWh), Electricity(kBtu), SteamUse(kBtu)"
Second And Spring Building,NonResidential,Large Office,172842,6,297.3999939,909.5999756,41399504.0,39794668.0,1604831.0,0.0,362.66,2.1,,6,"SiteEUI(kBtu/sf), SourceEUI(kBtu/sf), SiteEnergyUse(kBtu), Electricity(kWh), Electricity(kBtu), TotalGHGEmissions"
1111 Third Avenue,NonResidential,Large Office,776762,34,53.70000076,168.3000031,32552428.0,32457349.0,95076.0,0.0,231.32,0.3,81.0,6,"PropertyGFATotal, NumberofFloors, SiteEnergyUse(kBtu), Electricity(kWh), Electricity(kBtu), TotalGHGEmissions"
Abraham Lincoln Building (Wallysons Inc),NonResidential,Large Office,186768,14,52.70000076,142.8000031,9641043.0,7486064.0,0.0,2154977.5,218.53,1.17,95.0,6,"PropertyGFATotal, NumberofFloors, SiteEnergyUse(kBtu), Electricity(kWh), Electricity(kBtu), SteamUse(kBtu)"
Safeco Plaza,NonResidential,Large Office,1123435,49,52.70000076,149.0,45163308.0,38378889.0,6784415.0,0.0,627.87,0.56,89.0,7,"PropertyGFATotal, NumberofFloors, SiteEnergyUse(kBtu), Electricity(kWh), Electricity(kBtu), NaturalGas(kBtu), TotalGHGEmissions"
Fourth & Madison,NonResidential,Large Office,1052469,37,46.29999924,145.3000031,41213584.0,41213579.0,0.0,0.0,287.32,0.27,93.0,6,"PropertyGFATotal, NumberofFloors, SiteEnergyUse(kBtu), Electricity(kWh), Electricity(kBtu), TotalGHGEmissions"
901 Fifth Avenue,NonResidential,Large Office,617684,42,115.9000015,361.2000122,69519808.0,68636822.0,0.0,882983.5,546.65,0.88,28.0,9,"PropertyGFATotal, NumberofFloors, SiteEUI(kBtu/sf), SourceEUI(kBtu/sf), SiteEnergyUse(kBtu), Electricity(kWh), Electricity(kBtu), SteamUse(kBtu), TotalGHGEmissions"
The Central Building,NonResidential,Large Office,201480,8,44.29999924,123.5,8921778.0,7301810.0,0.0,1619966.875,175.95,0.87,91.0,4,"PropertyGFATotal, Electricity(kWh), Electricity(kBtu), SteamUse(kBtu)"
Seattle Municipal Tower (2030),Nonresidential COS,Large Office,1354987,63,50.40000153,158.1000061,61576184.0,61576180.0,0.0,0.0,429.27,0.32,89.0,6,"PropertyGFATotal, NumberofFloors, SiteEnergyUse(kBtu), Electricity(kWh), Electricity(kBtu), TotalGHGEmissions"
Justice Center,Nonresidential COS,Large Office,310490,14,71.0,187.5,21169502.0,16124036.0,5045465.0,0.0,380.37,1.23,,7,"PropertyGFATotal, NumberofFloors, SiteEnergyUse(kBtu), Electricity(kWh), Electricity(kBtu), NaturalGas(kBtu), TotalGHGEmissions"
City Hall,Nonresidential COS,Large Office,199530,8,73.19999695,178.1000061,13214416.0,8738965.0,4475451.0,0.0,298.61,1.5,69.0,6,"PropertyGFATotal, SiteEnergyUse(kBtu), Electricity(kWh), Electricity(kBtu), NaturalGas(kBtu), TotalGHGEmissions"
Chinook Building,NonResidential,Large Office,372242,13,43.29999924,119.0999985,13843866.0,11248986.0,2594878.0,0.0,216.24,0.58,98.0,5,"PropertyGFATotal, NumberofFloors, SiteEnergyUse(kBtu), Electricity(kWh), Electricity(kBtu)"
UW Tower Bldg Complex,NonResidential,Large Office,474546,23,60.0,188.3000031,28450436.0,28450433.0,0.0,0.0,198.34,0.42,77.0,5,"PropertyGFATotal, NumberofFloors, SiteEnergyUse(kBtu), Electricity(kWh), Electricity(kBtu)"
UW Tower Data Center,NonResidential,Other,36000,5,834.4000244,2620.0,30038490.0,30038487.0,0.0,0.0,209.41,5.82,96.0,6,"SiteEUI(kBtu/sf), SourceEUI(kBtu/sf), SiteEnergyUse(kBtu), Electricity(kWh), Electricity(kBtu), GHGEmissionsIntensity"
4300 Roosevelt,NonResidential,Large Office,220649,5,48.29999924,151.8000031,7046345.5,7046345.0,0.0,0.0,49.12,0.22,93.0,3,"PropertyGFATotal, Electricity(kWh), Electricity(kBtu)"
Metropolitan Park West,NonResidential,Large Office,413715,18,69.59999847,218.3999939,24224888.0,24224886.0,0.0,0.0,168.88,0.41,79.0,5,"PropertyGFATotal, NumberofFloors, SiteEnergyUse(kBtu), Electricity(kWh), Electricity(kBtu)"
METROPOLITAN PARK NORTH (ID371),NonResidential,Mixed Use Property,381381,11,48.40000153,150.8999939,9765777.0,9671822.0,93954.0,0.0,72.42,0.19,94.0,5,"PropertyGFATotal, NumberofFloors, SiteEnergyUse(kBtu), Electricity(kWh), Electricity(kBtu)"
Metropolitan Park East,NonResidential,Large Office,497513,20,73.0,227.8999939,26823218.0,26602310.0,220905.0,0.0,197.19,0.4,65.0,5,"PropertyGFATotal, NumberofFloors, SiteEnergyUse(kBtu), Electricity(kWh), Electricity(kBtu)"
Fourth and Blanchard,NonResidential,Large Office,543876,24,59.70000076,187.3999939,25307744.0,25307741.0,0.0,0.0,176.43,0.32,79.0,5,"PropertyGFATotal, NumberofFloors, SiteEnergyUse(kBtu), Electricity(kWh), Electricity(kBtu)"
ECONET (ID#374),NonResidential,Mixed Use Property,109347,4,116.3000031,343.6000061,8218155.5,7484659.0,733496.0,0.0,91.13,0.83,,4,"SiteEUI(kBtu/sf), SourceEUI(kBtu/sf), Electricity(kWh), Electricity(kBtu)"
Third and Broad,NonResidential,Large Office,396626,6,74.30000305,233.3000031,20361158.0,20361156.0,0.0,0.0,141.95,0.36,64.0,4,"PropertyGFATotal, SiteEnergyUse(kBtu), Electricity(kWh), Electricity(kBtu)"
5th and Bell,NonResidential,Large Office,287471,6,74.90000153,235.1000061,14913424.0,14913422.0,0.0,0.0,103.97,0.36,74.0,4,"PropertyGFATotal, SiteEnergyUse(kBtu), Electricity(kWh), Electricity(kBtu)"
Fifth and Wall LLC,NonResidential,Large Office,192630,3,36.70000076,112.4000015,5357833.0,5169641.0,188191.0,0.0,46.03,0.24,94.0,1,PropertyGFATotal
3101 Western Avenue,NonResidential,Large Office,253103,8,161.1999969,506.1000061,29949248.0,29949243.0,0.0,0.0,208.79,0.82,3.0,6,"PropertyGFATotal, SiteEUI(kBtu/sf), SourceEUI(kBtu/sf), SiteEnergyUse(kBtu), Electricity(kWh), Electricity(kBtu)"
70500872 -- Holman Road,NonResidential,Supermarket / Grocery Store,60880,1,231.8000031,518.7999878,14293972.0,8125218.0,6168753.0,0.0,384.27,6.31,54.0,8,"SiteEUI(kBtu/sf), SourceEUI(kBtu/sf), SiteEnergyUse(kBtu), Electricity(kWh), Electricity(kBtu), NaturalGas(kBtu), TotalGHGEmissions, GHGEmissionsIntensity"
Smith Tower,NonResidential,Large Office,304346,42,88.40000153,182.6000061,23262244.0,11239744.0,11008077.0,1014422.375,741.3,2.44,72.0,8,"PropertyGFATotal, NumberofFloors, SiteEnergyUse(kBtu), Electricity(kWh), Electricity(kBtu), NaturalGas(kBtu), SteamUse(kBtu), TotalGHGEmissions"
Skinner Building,NonResidential,Large Office,321945,8,60.40000153,158.0,13656587.0,9955956.0,0.0,3700629.75,355.05,1.1,76.0,6,"PropertyGFATotal, SiteEnergyUse(kBtu), Electricity(kWh), Electricity(kBtu), SteamUse(kBtu), TotalGHGEmissions"
IBM-COS,NonResidential,Large Office,336330,22,71.90000153,182.6999969,18967014.0,13134207.0,462194.0,5370612.0,530.66,1.58,77.0,7,"PropertyGFATotal, NumberofFloors, SiteEnergyUse(kBtu), Electricity(kWh), Electricity(kBtu), SteamUse(kBtu), TotalGHGEmissions"
Puget Sound Plaza,NonResidential,Large Office,298426,21,90.69999695,202.1000061,27076922.0,14315950.0,0.0,12760971.0,1084.79,3.64,79.0,8,"PropertyGFATotal, NumberofFloors, SiteEnergyUse(kBtu), Electricity(kWh), Electricity(kBtu), SteamUse(kBtu), TotalGHGEmissions, GHGEmissionsIntensity"
Rainier Tower,NonResidential,Large Office,635824,42,62.90000153,197.6000061,48479988.0,48479982.0,0.0,0.0,337.97,0.53,69.0,6,"PropertyGFATotal, NumberofFloors, SiteEnergyUse(kBtu), Electricity(kWh), Electricity(kBtu), TotalGHGEmissions"
Fairmont Olympic Seattle,NonResidential,Hotel,542305,12,104.1999969,210.1999969,56485204.0,24078107.0,3968211.0,28438884.0,2573.75,4.75,45.0,9,"PropertyGFATotal, NumberofFloors, SiteEnergyUse(kBtu), Electricity(kWh), Electricity(kBtu), NaturalGas(kBtu), SteamUse(kBtu), TotalGHGEmissions, GHGEmissionsIntensity"
RAINIER ELECTRONICS LLC,NonResidential,Retail Store,291940,2,40.0,113.1999969,11688601.0,9933861.0,1754739.0,0.0,162.45,0.56,80.0,4,"PropertyGFATotal, SiteEnergyUse(kBtu), Electricity(kWh), Electricity(kBtu)"
2601 Elliott Avenue,NonResidential,Large Office,350310,6,53.29999924,154.1999969,18102026.0,15974366.0,2127656.0,0.0,224.36,0.64,90.0,5,"PropertyGFATotal, SiteEnergyUse(kBtu), Electricity(kWh), Electricity(kBtu), TotalGHGEmissions"
1201 Third Avenue,NonResidential,Large Office,1400000,55,46.70000076,140.1999969,53079164.0,49472833.0,1426840.0,2179487.75,588.9,0.42,92.0,7,"PropertyGFATotal, NumberofFloors, SiteEnergyUse(kBtu), Electricity(kWh), Electricity(kBtu), SteamUse(kBtu), TotalGHGEmissions"
WAC aggregate,NonResidential,Hotel,305548,21,108.8000031,220.6000061,33729336.0,14578058.0,2866705.0,16284570.0,1510.85,4.94,58.0,8,"PropertyGFATotal, NumberofFloors, SiteEnergyUse(kBtu), Electricity(kWh), Electricity(kBtu), SteamUse(kBtu), TotalGHGEmissions, GHGEmissionsIntensity"
US Bank Centre,NonResidential,Large Office,1536606,46,51.90000153,157.3000031,56606136.0,53668061.0,2938070.0,0.0,530.18,0.35,89.0,6,"PropertyGFATotal, NumberofFloors, SiteEnergyUse(kBtu), Electricity(kWh), Electricity(kBtu), TotalGHGEmissions"
Logan Building,NonResidential,Large Office,135918,10,44.40000153,111.0999985,6423556.5,4302353.0,0.0,2121203.0,193.72,1.43,91.0,2,"NumberofFloors, SteamUse(kBtu)"
O'Shea Building,NonResidential,Retail Store,79957,4,80.30000305,252.1000061,5252131.0,5252130.0,0.0,0.0,36.61,0.46,25.0,1,SourceEUI(kBtu/sf)
The Decatur,NonResidential,Large Office,127268,4,63.5,171.5,7711757.5,6039805.0,957428.0,714523.6875,148.11,1.16,71.0,1,SteamUse(kBtu)
520 Pike Tower,NonResidential,Large Office,500000,29,44.29999924,139.0,18848780.0,18848777.0,0.0,0.0,131.4,0.26,93.0,5,"PropertyGFATotal, NumberofFloors, SiteEnergyUse(kBtu), Electricity(kWh), Electricity(kBtu)"
Fourth and Pike Building,NonResidential,Large Office,132326,10,52.70000076,159.8000031,6029020.0,5698221.0,2551.0,328247.0938,65.2,0.49,72.0,2,"NumberofFloors, SteamUse(kBtu)"
Washington Federal,NonResidential,Large Office,109830,6,87.90000153,275.8999939,7335905.5,7335905.0,0.0,0.0,51.14,0.47,45.0,3,"SourceEUI(kBtu/sf), Electricity(kWh), Electricity(kBtu)"
Motif Seattle,NonResidential,Hotel,332067,19,113.8000031,251.3000031,37785552.0,19800542.0,2398995.0,15586014.0,1468.5,4.42,6.0,10,"PropertyGFATotal, NumberofFloors, SiteEUI(kBtu/sf), SourceEUI(kBtu/sf), SiteEnergyUse(kBtu), Electricity(kWh), Electricity(kBtu), SteamUse(kBtu), TotalGHGEmissions, GHGEmissionsIntensity"
Joshua Green Building,NonResidential,Large Office,130513,10,89.30000305,204.1000061,11651200.0,6846996.0,4173175.0,631029.0,318.08,2.44,49.0,7,"NumberofFloors, SiteEnergyUse(kBtu), Electricity(kWh), Electricity(kBtu), NaturalGas(kBtu), SteamUse(kBtu), TotalGHGEmissions"
(ID413) JOSEPH VANCE BLDG,NonResidential,Large Office,137350,14,51.09999847,125.4000015,6366084.5,4107229.0,0.0,2258855.25,202.99,1.48,89.0,2,"NumberofFloors, SteamUse(kBtu)"
Onni 1411 Fourth Development LP,NonResidential,Large Office,151039,15,43.40000153,92.30000305,5446624.0,2596546.0,0.0,2850077.75,238.09,1.58,84.0,3,"NumberofFloors, SteamUse(kBtu), TotalGHGEmissions"
Century Square - COS Compliance,NonResidential,Large Office,755000,30,78.09999847,217.1000061,52226204.0,43199963.0,8506844.0,519390.0,793.05,1.05,72.0,8,"PropertyGFATotal, NumberofFloors, SiteEnergyUse(kBtu), Electricity(kWh), Electricity(kBtu), NaturalGas(kBtu), SteamUse(kBtu), TotalGHGEmissions"
Melbourne Tower,NonResidential,Large Office,130893,10,57.20000076,179.6000061,6962073.0,6962072.0,0.0,0.0,48.54,0.37,80.0,3,"NumberofFloors, Electricity(kWh), Electricity(kBtu)"
Main Market,Campus,Mixed Use Property,137400,4,122.8000031,306.6000061,14940504.0,10344729.0,4595774.0,0.0,316.2,2.3,,7,"SiteEUI(kBtu/sf), SourceEUI(kBtu/sf), SiteEnergyUse(kBtu), Electricity(kWh), Electricity(kBtu), NaturalGas(kBtu), TotalGHGEmissions"
Meridian (West),NonResidential,Other,147852,6,157.5,407.7000122,9671619.0,7122619.0,2548999.0,0.0,185.03,1.25,,5,"SiteEUI(kBtu/sf), SourceEUI(kBtu/sf), SiteEnergyUse(kBtu), Electricity(kWh), Electricity(kBtu)"
Meridian (East),NonResidential,Other,267335,4,74.69999695,189.3999939,7273155.5,5169902.0,2103253.0,0.0,147.75,0.55,,1,PropertyGFATotal
Two Union Square,NonResidential,Large Office,1605578,56,36.79999924,110.3000031,49517704.0,46081813.0,2520230.0,915654.875,525.78,0.33,97.0,7,"PropertyGFATotal, NumberofFloors, SiteEnergyUse(kBtu), Electricity(kWh), Electricity(kBtu), SteamUse(kBtu), TotalGHGEmissions"
One Union Square,NonResidential,Large Office,794592,36,35.20000076,108.6999969,26689658.0,26031451.0,658204.0,0.0,216.43,0.27,96.0,5,"PropertyGFATotal, NumberofFloors, SiteEnergyUse(kBtu), Electricity(kWh), Electricity(kBtu)"
PARK PLACE OFFICE BLDG (ID424),NonResidential,Large Office,456304,21,56.59999847,177.6000061,19397324.0,19397322.0,0.0,0.0,135.23,0.3,74.0,5,"PropertyGFATotal, NumberofFloors, SiteEnergyUse(kBtu), Electricity(kWh), Electricity(kBtu)"
First and Stewart,NonResidential,Large Office,115857,12,45.20000076,141.8000031,4757299.5,4757299.0,0.0,0.0,33.17,0.29,89.0,1,NumberofFloors
World Trade Center East-Seattle,NonResidential,Large Office,374405,11,69.09999847,217.1000061,13329024.0,13329022.0,0.0,0.0,92.92,0.25,72.0,5,"PropertyGFATotal, NumberofFloors, SiteEnergyUse(kBtu), Electricity(kWh), Electricity(kBtu)"
Lenora,NonResidential,Other,193500,12,98.40000153,309.0,14436982.0,14436981.0,0.0,0.0,100.65,0.52,,6,"PropertyGFATotal, NumberofFloors, SourceEUI(kBtu/sf), SiteEnergyUse(kBtu), Electricity(kWh), Electricity(kBtu)"
Terminal Sales Building,NonResidential,Large Office,102846,11,52.5,98.5,5327249.5,1846369.0,0.0,3480880.75,281.55,2.74,96.0,3,"NumberofFloors, SteamUse(kBtu), TotalGHGEmissions"
Securities Building Campus,Campus,Mixed Use Property,258497,10,77.30000305,214.6000061,20779796.0,16877013.0,0.0,3902781.25,418.9,1.62,,7,"PropertyGFATotal, NumberofFloors, SiteEnergyUse(kBtu), Electricity(kWh), Electricity(kBtu), SteamUse(kBtu), TotalGHGEmissions"
(71367A) SEATTLE Macy's,NonResidential,Retail Store,861702,8,19.89999962,56.0,17666646.0,14736955.0,1753.0,2927935.25,328.83,0.38,,6,"PropertyGFATotal, SiteEnergyUse(kBtu), Electricity(kWh), Electricity(kBtu), SteamUse(kBtu), TotalGHGEmissions"
Benaroya Research Institute at Virginia Mason,NonResidential,Other,206950,5,93.19999695,277.5,19295226.0,17663475.0,0.0,1631750.25,249.09,1.2,,7,"PropertyGFATotal, SourceEUI(kBtu/sf), SiteEnergyUse(kBtu), Electricity(kWh), Electricity(kBtu), SteamUse(kBtu), TotalGHGEmissions"
Washington State Convention Center,NonResidential,Other,1400000,6,,0.0,0.0,0.0,0.0,0.0,0.0,0.0,,1,PropertyGFATotal
VM Seattle Hospital & Medical Center - Health Resources Building,NonResidential,Other,46710,9,89.30000305,220.3000031,4169431.5,2722116.0,0.0,1447314.625,130.69,2.8,,1,SteamUse(kBtu)
VM Seattle Hospital & Medical Center - Lindeman Pavilion,NonResidential,Medical Office,266000,3,85.90000153,244.1999969,13911761.0,11902958.0,1532059.0,476741.8125,201.15,0.76,65.0,5,"PropertyGFATotal, SiteEnergyUse(kBtu), Electricity(kWh), Electricity(kBtu), SteamUse(kBtu)"
1101 Madison Tower,NonResidential,Medical Office,690158,14,78.19999695,245.6999969,21156670.0,21156669.0,0.0,0.0,147.49,0.21,58.0,5,"PropertyGFATotal, NumberofFloors, SiteEnergyUse(kBtu), Electricity(kWh), Electricity(kBtu)"
Fisher Plaza - East Building,NonResidential,Mixed Use Property,378443,6,283.7000122,874.0999756,55073120.0,53506520.0,1566594.0,0.0,456.22,1.21,100.0,7,"PropertyGFATotal, SiteEUI(kBtu/sf), SourceEUI(kBtu/sf), SiteEnergyUse(kBtu), Electricity(kWh), Electricity(kBtu), TotalGHGEmissions"
Fisher Plaza - West Building,NonResidential,Mixed Use Property,213834,6,707.2999878,2217.800049,75073888.0,74917352.0,156525.0,0.0,530.59,2.48,100.0,7,"PropertyGFATotal, SiteEUI(kBtu/sf), SourceEUI(kBtu/sf), SiteEnergyUse(kBtu), Electricity(kWh), Electricity(kBtu), TotalGHGEmissions"
Best Western Executive Inn,NonResidential,Hotel,109017,5,86.90000153,199.1000061,9474745.0,5625395.0,3849350.0,0.0,243.66,2.24,34.0,3,"SiteEnergyUse(kBtu), NaturalGas(kBtu), TotalGHGEmissions"
Elliott Bay Office Park,NonResidential,Large Office,275734,5,71.69999695,225.0,16373232.0,16373229.0,0.0,0.0,114.14,0.41,77.0,4,"PropertyGFATotal, SiteEnergyUse(kBtu), Electricity(kWh), Electricity(kBtu)"
1551 Eastlake,NonResidential,Large Office,158600,3,125.5999985,360.3999939,18309150.0,15941028.0,2368120.0,0.0,236.9,1.49,19.0,6,"SiteEUI(kBtu/sf), SourceEUI(kBtu/sf), SiteEnergyUse(kBtu), Electricity(kWh), Electricity(kBtu), TotalGHGEmissions"
1100 Dexter-RREEF SeaDPD ID 456,NonResidential,Large Office,213283,5,53.59999847,168.3999939,5661689.5,5661689.0,0.0,0.0,39.47,0.19,83.0,1,PropertyGFATotal
1441 N. 34th Street,NonResidential,Large Office,103697,3,179.1000061,350.2999878,11319836.0,4904243.0,6415592.0,0.0,374.92,3.62,7.0,6,"SiteEUI(kBtu/sf), SourceEUI(kBtu/sf), SiteEnergyUse(kBtu), NaturalGas(kBtu), TotalGHGEmissions, GHGEmissionsIntensity"
Northgate Office Building,NonResidential,Small- and Mid-Sized Office,53730,4,88.30000305,277.2000122,4742869.0,4742869.0,0.0,0.0,33.06,0.62,20.0,1,SourceEUI(kBtu/sf)
Costco #0001 Seattle,NonResidential,Retail Store,158415,1,141.3999939,358.6000061,22394416.0,15927634.0,6466780.0,0.0,454.49,2.87,25.0,7,"SiteEUI(kBtu/sf), SourceEUI(kBtu/sf), SiteEnergyUse(kBtu), Electricity(kWh), Electricity(kBtu), NaturalGas(kBtu), TotalGHGEmissions"
1000 Denny Building,NonResidential,Large Office,287819,8,176.0,550.7000122,48406556.0,48155040.0,251511.0,0.0,349.07,1.21,,7,"PropertyGFATotal, SiteEUI(kBtu/sf), SourceEUI(kBtu/sf), SiteEnergyUse(kBtu), Electricity(kWh), Electricity(kBtu), TotalGHGEmissions"
VM Seattle Hospital & Medical Center - Buck Pavilion,NonResidential,Other,158738,8,389.1000061,1026.599976,61762380.0,46528618.0,9571816.0,5650343.5,1268.87,7.99,,9,"SiteEUI(kBtu/sf), SourceEUI(kBtu/sf), SiteEnergyUse(kBtu), Electricity(kWh), Electricity(kBtu), NaturalGas(kBtu), SteamUse(kBtu), TotalGHGEmissions, GHGEmissionsIntensity"
70100608-Ballard,NonResidential,Retail Store,164437,1,104.0,276.0,18390344.0,14099499.0,4290843.0,0.0,326.18,1.98,62.0,6,"SourceEUI(kBtu/sf), SiteEnergyUse(kBtu), Electricity(kWh), Electricity(kBtu), NaturalGas(kBtu), TotalGHGEmissions"
Rosen Building - SEDO,NonResidential,Laboratory,55200,3,210.0,504.5,11594121.0,7500378.0,4093742.0,0.0,269.71,4.89,,8,"SiteEUI(kBtu/sf), SourceEUI(kBtu/sf), SiteEnergyUse(kBtu), Electricity(kWh), Electricity(kBtu), NaturalGas(kBtu), TotalGHGEmissions, GHGEmissionsIntensity"
401 Terry (ID470),NonResidential,Laboratory,241159,4,191.3999939,442.7999878,33713876.0,20388923.0,13324952.0,0.0,849.83,3.52,,9,"PropertyGFATotal, SiteEUI(kBtu/sf), SourceEUI(kBtu/sf), SiteEnergyUse(kBtu), Electricity(kWh), Electricity(kBtu), NaturalGas(kBtu), TotalGHGEmissions, GHGEmissionsIntensity"
City Place II - SEDO,NonResidential,Large Office,271071,5,42.40000153,131.5,7851334.5,7695280.0,156054.0,0.0,61.93,0.23,96.0,3,"PropertyGFATotal, Electricity(kWh), Electricity(kBtu)"
Arnold Building,NonResidential,Large Office,560516,5,80.80000305,202.1999969,30083496.0,20922584.0,9160910.0,0.0,632.4,1.13,71.0,6,"PropertyGFATotal, SiteEnergyUse(kBtu), Electricity(kWh), Electricity(kBtu), NaturalGas(kBtu), TotalGHGEmissions"
Yale,NonResidential,Large Office,226592,6,90.90000153,281.6000061,11963428.0,11719809.0,243618.0,0.0,94.64,0.42,49.0,5,"PropertyGFATotal, SourceEUI(kBtu/sf), SiteEnergyUse(kBtu), Electricity(kWh), Electricity(kBtu)"
Weintraub/Hutchinson/Thomas,Campus,Other,535947,5,245.1000061,509.3999939,131373880.0,64627449.0,66746425.0,0.0,3995.45,7.45,,9,"PropertyGFATotal, SiteEUI(kBtu/sf), SourceEUI(kBtu/sf), SiteEnergyUse(kBtu), Electricity(kWh), Electricity(kBtu), NaturalGas(kBtu), TotalGHGEmissions, GHGEmissionsIntensity"
307 Westlake - SEDO,NonResidential,Mixed Use Property,159700,5,270.3999939,650.5999756,31371618.0,20355803.0,11015812.0,0.0,726.96,4.55,,8,"SiteEUI(kBtu/sf), SourceEUI(kBtu/sf), SiteEnergyUse(kBtu), Electricity(kWh), Electricity(kBtu), NaturalGas(kBtu), TotalGHGEmissions, GHGEmissionsIntensity"
Westlake Terry - East SEDO,NonResidential,Large Office,209816,4,51.0,135.1999969,6917478.5,5303806.0,1613672.0,0.0,122.68,0.58,97.0,1,PropertyGFATotal
Westlake Terry - West SEDO,NonResidential,Large Office,303103,6,40.70000076,123.6999969,7519466.5,7147457.0,372009.0,0.0,69.59,0.23,97.0,3,"PropertyGFATotal, Electricity(kWh), Electricity(kBtu)"
UW Medicine Research Phase I,NonResidential,Laboratory,102235,4,236.5,559.5,24395228.0,15355254.0,9039972.0,0.0,587.16,5.74,,8,"SiteEUI(kBtu/sf), SourceEUI(kBtu/sf), SiteEnergyUse(kBtu), Electricity(kWh), Electricity(kBtu), NaturalGas(kBtu), TotalGHGEmissions, GHGEmissionsIntensity"
UW Medicine Research Phase II,NonResidential,Mixed Use Property,436497,5,171.1999969,417.0,45252356.0,29992691.0,15259662.0,0.0,1019.53,2.34,,8,"PropertyGFATotal, SiteEUI(kBtu/sf), SourceEUI(kBtu/sf), SiteEnergyUse(kBtu), Electricity(kWh), Electricity(kBtu), NaturalGas(kBtu), TotalGHGEmissions"
4225 Roosevelt 2ros4225,NonResidential,Medical Office,196749,4,176.8999939,411.5,19165116.0,11703547.0,7461566.0,0.0,477.87,2.43,5.0,8,"PropertyGFATotal, SiteEUI(kBtu/sf), SourceEUI(kBtu/sf), SiteEnergyUse(kBtu), Electricity(kWh), Electricity(kBtu), NaturalGas(kBtu), TotalGHGEmissions"
4245 Roosevelt 2ros4245,NonResidential,Medical Office,191276,4,87.69999695,266.3999939,8422861.0,8005293.0,417567.0,0.0,77.99,0.41,21.0,4,"PropertyGFATotal, SourceEUI(kBtu/sf), Electricity(kWh), Electricity(kBtu)"
SCCA,NonResidential,Hospital,351530,7,198.1000061,467.6000061,42709624.0,26781892.0,15927728.0,0.0,1032.63,2.94,23.0,8,"PropertyGFATotal, SiteEUI(kBtu/sf), SourceEUI(kBtu/sf), SiteEnergyUse(kBtu), Electricity(kWh), Electricity(kBtu), NaturalGas(kBtu), TotalGHGEmissions"
70100179-Lake City,NonResidential,Supermarket / Grocery Store,308965,2,119.9000015,310.2000122,14512786.0,10680826.0,3831959.0,0.0,277.98,0.9,78.0,8,"PropertyGFATotal, SiteEUI(kBtu/sf), SourceEUI(kBtu/sf), SiteEnergyUse(kBtu), Electricity(kWh), Electricity(kBtu), NaturalGas(kBtu), TotalGHGEmissions"
RESTAURANT DEPOT SEATTLE (ID503),NonResidential,Supermarket / Grocery Store,63225,1,103.1999969,323.8999939,6522551.5,6522551.0,0.0,0.0,45.47,0.72,100.0,3,"SourceEUI(kBtu/sf), Electricity(kWh), Electricity(kBtu)"
Skyline-East Marginal,NonResidential,Warehouse,243044,1,4.300000191,9.0,1396082.25,700977.0,695105.0,0.0,41.8,0.17,100.0,1,PropertyGFATotal
The Park View Building,NonResidential,Other,280252,3,93.0,291.8999939,11521702.0,11521701.0,0.0,0.0,80.32,0.29,,5,"PropertyGFATotal, SourceEUI(kBtu/sf), SiteEnergyUse(kBtu), Electricity(kWh), Electricity(kBtu)"
Q13 FOX,NonResidential,Other,66462,3,95.5,299.8999939,6876439.5,6876438.0,0.0,0.0,47.94,0.72,,3,"SourceEUI(kBtu/sf), Electricity(kWh), Electricity(kBtu)"
W000252-NORTH SEATTLE WA,NonResidential,Retail Store,131387,1,81.30000305,234.5,8773058.0,7704514.0,1068542.0,0.0,110.46,0.84,72.0,2,"Electricity(kWh), Electricity(kBtu)"
Aurora Shopping Center,NonResidential,Other,111900,1,79.0,190.5,9814820.0,6390148.0,3424670.0,0.0,226.43,2.02,,5,"SiteEnergyUse(kBtu), Electricity(kWh), Electricity(kBtu), NaturalGas(kBtu), TotalGHGEmissions"
Sam's Club #18-6687,NonResidential,Supermarket / Grocery Store,144776,1,92.69999695,246.1999969,13424079.0,10307295.0,3116783.0,0.0,237.39,1.64,56.0,5,"SiteEnergyUse(kBtu), Electricity(kWh), Electricity(kBtu), NaturalGas(kBtu), TotalGHGEmissions"
AURORA ACRES (ID518),NonResidential,Retail Store,114000,1,150.8999939,302.0,17225444.0,7836595.0,9388848.0,0.0,553.27,4.85,79.0,8,"SiteEUI(kBtu/sf), SourceEUI(kBtu/sf), SiteEnergyUse(kBtu), Electricity(kWh), Electricity(kBtu), NaturalGas(kBtu), TotalGHGEmissions, GHGEmissionsIntensity"
00410-Hwy 99 & 130th,NonResidential,Supermarket / Grocery Store,50083,1,173.0,454.2000122,8663691.0,6528390.0,2135300.0,0.0,158.92,3.17,78.0,5,"SiteEUI(kBtu/sf), SourceEUI(kBtu/sf), Electricity(kWh), Electricity(kBtu), GHGEmissionsIntensity"
The Waterside Building,NonResidential,Small- and Mid-Sized Office,96041,3,87.0,273.1000061,5413418.0,5413417.0,0.0,0.0,37.74,0.39,70.0,1,SourceEUI(kBtu/sf)
Adobe Seattle,NonResidential,Large Office,280957,3,68.69999695,211.3000031,11325513.0,10986553.0,336610.0,0.0,94.47,0.34,96.0,4,"PropertyGFATotal, SiteEnergyUse(kBtu), Electricity(kWh), Electricity(kBtu)"
Plaza 701 N 34th,NonResidential,Large Office,243334,4,62.20000076,187.3999939,8651835.0,8116657.0,535178.0,0.0,85.01,0.35,89.0,3,"PropertyGFATotal, Electricity(kWh), Electricity(kBtu)"
Seattle Art Museum,NonResidential,Mixed Use Property,154660,6,209.3000031,519.0,52960796.0,34936812.0,475560.0,17548416.0,1623.34,10.5,,8,"SiteEUI(kBtu/sf), SourceEUI(kBtu/sf), SiteEnergyUse(kBtu), Electricity(kWh), Electricity(kBtu), SteamUse(kBtu), TotalGHGEmissions, GHGEmissionsIntensity"
Seattle Design Center (Plaza Center),NonResidential,Large Office,390295,5,31.60000038,99.30000305,7683885.0,7683884.0,0.0,0.0,53.57,0.14,95.0,3,"PropertyGFATotal, Electricity(kWh), Electricity(kBtu)"
Ballard Blocks I,NonResidential,Other,322869,5,130.6999969,308.3999939,17085344.0,10708106.0,6377238.0,0.0,413.35,1.28,,8,"PropertyGFATotal, SiteEUI(kBtu/sf), SourceEUI(kBtu/sf), SiteEnergyUse(kBtu), Electricity(kWh), Electricity(kBtu), NaturalGas(kBtu), TotalGHGEmissions"
Fifth and Jackson,NonResidential,Large Office,181694,10,49.90000153,156.8000031,7637986.0,7637985.0,0.0,0.0,53.25,0.29,88.0,3,"NumberofFloors, Electricity(kWh), Electricity(kBtu)"
Seattle Distribution Center Bldg A,NonResidential,Distribution Center,124472,1,43.90000153,65.40000153,5464762.0,1145957.0,4318805.0,0.0,237.36,1.91,62.0,2,"NaturalGas(kBtu), TotalGHGEmissions"
Pacific Building,NonResidential,Large Office,227556,22,37.29999924,117.1999969,8493420.0,8493419.0,0.0,0.0,59.21,0.26,95.0,4,"PropertyGFATotal, NumberofFloors, Electricity(kWh), Electricity(kBtu)"
South Seattle Distribution Center- 3800,NonResidential,Distribution Center,161678,1,57.59999847,142.0,9357230.0,6332002.0,3025227.0,0.0,204.81,1.27,25.0,4,"SiteEnergyUse(kBtu), Electricity(kWh), Electricity(kBtu), NaturalGas(kBtu)"
South Seattle Distribution Center- 3844,NonResidential,Distribution Center,101101,1,215.6000061,676.5999756,21795830.0,21779250.0,16577.0,0.0,152.71,1.51,1.0,5,"SiteEUI(kBtu/sf), SourceEUI(kBtu/sf), SiteEnergyUse(kBtu), Electricity(kWh), Electricity(kBtu)"
Cascade Designs Inc. ( Yosemite ),NonResidential,Other,56608,1,89.59999847,250.3999939,5094197.0,4253264.0,840932.0,0.0,74.31,1.31,,1,SourceEUI(kBtu/sf)
Charlies Produce,NonResidential,Refrigerated Warehouse,104099,1,170.0,525.5,17695420.0,17283711.0,411705.0,0.0,142.36,1.37,,5,"SiteEUI(kBtu/sf), SourceEUI(kBtu/sf), SiteEnergyUse(kBtu), Electricity(kWh), Electricity(kBtu)"
Safeway 1845 - Greenwood Ave,NonResidential,Supermarket / Grocery Store,58184,1,284.5,620.2000122,14715262.0,7956442.0,6758820.0,0.0,414.43,7.12,41.0,8,"SiteEUI(kBtu/sf), SourceEUI(kBtu/sf), SiteEnergyUse(kBtu), Electricity(kWh), Electricity(kBtu), NaturalGas(kBtu), TotalGHGEmissions, GHGEmissionsIntensity"
70500858 -- North Seattle,NonResidential,Supermarket / Grocery Store,58480,1,248.8000031,581.9000244,11054535.0,6817771.0,4236763.0,0.0,272.54,4.66,37.0,8,"SiteEUI(kBtu/sf), SourceEUI(kBtu/sf), SiteEnergyUse(kBtu), Electricity(kWh), Electricity(kBtu), NaturalGas(kBtu), TotalGHGEmissions, GHGEmissionsIntensity"
Alley24,NonResidential,Large Office,336700,6,41.59999847,113.5,9058916.0,7877393.0,0.0,0.0,54.92,0.16,95.0,3,"PropertyGFATotal, Electricity(kWh), Electricity(kBtu)"
011-Seattle,NonResidential,Retail Store,264008,4,100.5,260.0,9937707.0,7307906.0,2629800.0,0.0,190.61,0.72,42.0,5,"PropertyGFATotal, SourceEUI(kBtu/sf), SiteEnergyUse(kBtu), Electricity(kWh), Electricity(kBtu)"
Darigold HQ,NonResidential,Small- and Mid-Sized Office,62220,2,87.80000305,275.2999878,5444253.5,5431426.0,12827.0,0.0,38.55,0.62,32.0,1,SourceEUI(kBtu/sf)
Pike St,NonResidential,Other,80004,3,163.3999939,513.0,12232124.0,12232122.0,0.0,0.0,85.28,1.07,,5,"SiteEUI(kBtu/sf), SourceEUI(kBtu/sf), SiteEnergyUse(kBtu), Electricity(kWh), Electricity(kBtu)"
K2 and Iron Mountain (Seattle 4),NonResidential,Warehouse,323916,2,24.79999924,48.90000153,8024064.5,3548085.0,4475979.0,0.0,262.45,0.81,92.0,3,"PropertyGFATotal, NaturalGas(kBtu), TotalGHGEmissions"
Pacific Tower,NonResidential,Mixed Use Property,304052,14,69.40000153,202.8999939,21027396.0,18843504.0,2183891.0,0.0,247.35,0.81,66.0,6,"PropertyGFATotal, NumberofFloors, SiteEnergyUse(kBtu), Electricity(kWh), Electricity(kBtu), TotalGHGEmissions"
Northwest Building,NonResidential,Small- and Mid-Sized Office,85385,4,91.40000153,287.0,4855036.5,4855036.0,0.0,0.0,33.85,0.4,,1,SourceEUI(kBtu/sf)
(71371A) NORTHGATE Macy's,NonResidential,Retail Store,302812,2,24.10000038,63.90000153,7290824.5,5590290.0,1700534.0,0.0,129.29,0.43,97.0,1,PropertyGFATotal
Northway Square East,NonResidential,Small- and Mid-Sized Office,86400,5,116.0999985,231.1999969,9080022.0,4089680.0,4990341.0,0.0,293.55,3.4,53.0,4,"SiteEUI(kBtu/sf), NaturalGas(kBtu), TotalGHGEmissions, GHGEmissionsIntensity"
NorthWay West Building,NonResidential,Small- and Mid-Sized Office,86483,6,73.59999847,231.0,6361236.5,6361236.0,0.0,0.0,44.35,0.51,56.0,2,"Electricity(kWh), Electricity(kBtu)"
Meridian Medical Pavilion,NonResidential,Other,161789,3,99.69999695,312.5,6963616.5,6947606.0,16010.0,0.0,49.28,0.3,,3,"SourceEUI(kBtu/sf), Electricity(kWh), Electricity(kBtu)"
Pier 57,NonResidential,Restaurant,43728,1,263.2000122,276.2999878,11508035.0,0.0,11508035.0,0.0,611.19,13.98,,6,"SiteEUI(kBtu/sf), SourceEUI(kBtu/sf), SiteEnergyUse(kBtu), NaturalGas(kBtu), TotalGHGEmissions, GHGEmissionsIntensity"
NWH Outpatient Medical Center,NonResidential,Medical Office,133298,3,117.3000031,305.1000061,15640994.0,11600182.0,4040810.0,0.0,295.48,2.22,21.0,7,"SiteEUI(kBtu/sf), SourceEUI(kBtu/sf), SiteEnergyUse(kBtu), Electricity(kWh), Electricity(kBtu), NaturalGas(kBtu), TotalGHGEmissions"
1616 Eastlake,NonResidential,Mixed Use Property,251827,5,280.3999939,657.0999756,47102428.0,29154854.0,17947572.0,0.0,1156.45,4.59,,9,"PropertyGFATotal, SiteEUI(kBtu/sf), SourceEUI(kBtu/sf), SiteEnergyUse(kBtu), Electricity(kWh), Electricity(kBtu), NaturalGas(kBtu), TotalGHGEmissions, GHGEmissionsIntensity"
1260 Mercer,NonResidential,Large Office,175885,4,62.40000153,195.8999939,6486377.5,6486377.0,0.0,0.0,45.22,0.26,91.0,2,"Electricity(kWh), Electricity(kBtu)"
635 Elliott - South Bldg.,NonResidential,Large Office,291176,4,34.20000076,106.5999985,6657348.5,6585119.0,72228.0,0.0,49.74,0.17,98.0,3,"PropertyGFATotal, Electricity(kWh), Electricity(kBtu)"
199 Blaine,NonResidential,Mixed Use Property,175918,3,232.3000031,503.6000061,22530168.0,12047762.0,10482405.0,0.0,640.71,3.64,,8,"SiteEUI(kBtu/sf), SourceEUI(kBtu/sf), SiteEnergyUse(kBtu), Electricity(kWh), Electricity(kBtu), NaturalGas(kBtu), TotalGHGEmissions, GHGEmissionsIntensity"
1241 Eastlake - Zymogenetics,NonResidential,Other,169785,3,180.6999969,451.0,19155416.0,13249663.0,5905752.0,0.0,406.02,2.39,,7,"SiteEUI(kBtu/sf), SourceEUI(kBtu/sf), SiteEnergyUse(kBtu), Electricity(kWh), Electricity(kBtu), NaturalGas(kBtu), TotalGHGEmissions"
AGC Building,NonResidential,Large Office,124721,11,111.4000015,252.1999969,13898181.0,8069980.0,5828201.0,0.0,365.79,2.93,58.0,8,"NumberofFloors, SiteEUI(kBtu/sf), SourceEUI(kBtu/sf), SiteEnergyUse(kBtu), Electricity(kWh), Electricity(kBtu), NaturalGas(kBtu), TotalGHGEmissions"
Safeway 1965 - Rainier Ave,NonResidential,Supermarket / Grocery Store,61053,1,241.3000031,578.7000122,13133225.0,8474644.0,4658580.0,0.0,306.5,5.02,32.0,8,"SiteEUI(kBtu/sf), SourceEUI(kBtu/sf), SiteEnergyUse(kBtu), Electricity(kWh), Electricity(kBtu), NaturalGas(kBtu), TotalGHGEmissions, GHGEmissionsIntensity"
411 1ST AVE  S (ID608),NonResidential,Large Office,154159,7,58.0,28.0,11195917.0,1608768.0,343050.0,0.0,29.43,0.19,100.0,1,SiteEnergyUse(kBtu)
The Globe Building,NonResidential,Small- and Mid-Sized Office,69817,4,35.90000153,82.5,2178074.5,1245123.0,161866.0,771085.1875,76.8,1.1,87.0,1,SteamUse(kBtu)
Occidental Mall,NonResidential,Large Office,164380,4,53.0,145.8000031,7655751.0,6196714.0,1059498.0,399538.3125,130.31,0.79,79.0,3,"Electricity(kWh), Electricity(kBtu), SteamUse(kBtu)"
(ID616) Court in the Square,NonResidential,Large Office,160580,7,27.0,67.90000153,4336187.5,3014081.0,974898.0,347207.9063,99.59,0.62,98.0,1,SteamUse(kBtu)
83 S KING ST BLDG (ID633),NonResidential,Large Office,184322,7,52.70000076,165.6000061,9722890.0,9722889.0,0.0,0.0,67.78,0.37,81.0,3,"SiteEnergyUse(kBtu), Electricity(kWh), Electricity(kBtu)"
505 FIRST AVE S BLDG (ID634),NonResidential,Large Office,287853,7,89.40000153,280.2000122,25567108.0,25482582.0,84524.0,0.0,182.14,0.63,43.0,5,"PropertyGFATotal, SourceEUI(kBtu/sf), SiteEnergyUse(kBtu), Electricity(kWh), Electricity(kBtu)"
1201 Building,NonResidential,Small- and Mid-Sized Office,64512,2,94.69999695,197.3999939,5968153.5,2952139.0,3016015.0,0.0,180.76,2.8,53.0,1,NaturalGas(kBtu)
Stadium Innovation Center,NonResidential,Mixed Use Property,286000,6,366.3999939,1150.300049,63835192.0,63822136.0,13053.0,0.0,445.62,1.56,,7,"PropertyGFATotal, SiteEUI(kBtu/sf), SourceEUI(kBtu/sf), SiteEnergyUse(kBtu), Electricity(kWh), Electricity(kBtu), TotalGHGEmissions"
Green Room,NonResidential,Small- and Mid-Sized Office,60592,3,83.59999847,253.5,5049446.5,4788414.0,261032.0,0.0,47.25,0.78,16.0,1,SourceEUI(kBtu/sf)
Starbucks Center,NonResidential,Large Office,1380959,6,49.29999924,146.1000061,74130576.0,67760546.0,6370020.0,0.0,810.7,0.59,79.0,6,"PropertyGFATotal, SiteEnergyUse(kBtu), Electricity(kWh), Electricity(kBtu), NaturalGas(kBtu), TotalGHGEmissions"
The Home Depot,NonResidential,Retail Store,107930,1,67.0,189.5,7221482.5,6136093.0,1085388.0,0.0,100.42,0.93,57.0,2,"Electricity(kWh), Electricity(kBtu)"
45th Street Plaza,NonResidential,Small- and Mid-Sized Office,91706,6,150.3000031,472.1000061,8570571.0,8570570.0,0.0,0.0,59.75,0.65,2.0,4,"SiteEUI(kBtu/sf), SourceEUI(kBtu/sf), Electricity(kWh), Electricity(kBtu)"
BMR-530 Fairview Avenue LLC,NonResidential,Medical Office,129093,5,203.1999969,473.6000061,19248732.0,11800324.0,7448407.0,0.0,477.85,3.7,6.0,8,"SiteEUI(kBtu/sf), SourceEUI(kBtu/sf), SiteEnergyUse(kBtu), Electricity(kWh), Electricity(kBtu), NaturalGas(kBtu), TotalGHGEmissions, GHGEmissionsIntensity"
West Seattle Corporate Center,NonResidential,Large Office,138106,5,70.40000153,221.0,8381834.5,8381833.0,0.0,0.0,58.43,0.42,41.0,2,"Electricity(kWh), Electricity(kBtu)"
Arnold Pavilion,NonResidential,Medical Office,225982,0,102.6999969,246.8999939,20560622.0,12744957.0,0.0,7815663.0,692.12,3.06,53.0,6,"PropertyGFATotal, SiteEnergyUse(kBtu), Electricity(kWh), Electricity(kBtu), SteamUse(kBtu), TotalGHGEmissions"
2200 Westlake - SEDO,NonResidential,Mixed Use Property,516407,0,76.30000305,199.1999969,39403320.0,29432803.0,9970512.0,0.0,734.72,1.42,31.0,6,"PropertyGFATotal, SiteEnergyUse(kBtu), Electricity(kWh), Electricity(kBtu), NaturalGas(kBtu), TotalGHGEmissions"
505 Union Station - SEDO,NonResidential,Large Office,312512,11,82.40000153,257.7999878,25747022.0,25619164.0,127855.0,0.0,185.39,0.59,,6,"PropertyGFATotal, NumberofFloors, SourceEUI(kBtu/sf), SiteEnergyUse(kBtu), Electricity(kWh), Electricity(kBtu)"
Russell Investments Center,NonResidential,Large Office,1592914,42,45.29999924,140.0,56498868.0,55123924.0,388532.0,986403.1875,481.06,0.3,97.0,7,"PropertyGFATotal, NumberofFloors, SiteEnergyUse(kBtu), Electricity(kWh), Electricity(kBtu), SteamUse(kBtu), TotalGHGEmissions"
Elmer J. Nordstrom Medical Tower,NonResidential,Medical Office,422503,10,87.40000153,264.7000122,17254810.0,16260654.0,0.0,994154.3125,190.1,0.45,46.0,7,"PropertyGFATotal, NumberofFloors, SourceEUI(kBtu/sf), SiteEnergyUse(kBtu), Electricity(kWh), Electricity(kBtu), SteamUse(kBtu)"
7th and Madison,NonResidential,Medical Office,302902,9,73.30000305,223.8000031,14751117.0,14155468.0,595647.0,0.0,130.32,0.43,58.0,4,"PropertyGFATotal, SiteEnergyUse(kBtu), Electricity(kWh), Electricity(kBtu)"
Cabrini Medical Tower,NonResidential,Medical Office,319911,19,88.30000305,236.3000031,15067340.0,11473398.0,0.0,3593940.25,357.39,1.12,50.0,7,"PropertyGFATotal, NumberofFloors, SiteEnergyUse(kBtu), Electricity(kWh), Electricity(kBtu), SteamUse(kBtu), TotalGHGEmissions"
Colman Building,NonResidential,Large Office,205521,6,56.70000076,124.6999969,8138616.5,4325997.0,1743952.0,2068666.75,282.46,1.37,94.0,3,"PropertyGFATotal, SteamUse(kBtu), TotalGHGEmissions"
1633 Westlake Building,NonResidential,Large Office,191146,4,49.5,155.5,5101504.5,5101504.0,0.0,0.0,35.56,0.19,93.0,1,PropertyGFATotal
West Seattle Fitness,NonResidential,Other,68763,3,180.6000061,343.1000061,9029489.0,3670762.0,5358726.0,0.0,310.19,4.51,,5,"SiteEUI(kBtu/sf), SourceEUI(kBtu/sf), NaturalGas(kBtu), TotalGHGEmissions, GHGEmissionsIntensity"
Rainier Square Plaza,NonResidential,Other,102133,1,192.8999939,443.0,20725996.0,12356956.0,8369038.0,0.0,530.62,5.2,,8,"SiteEUI(kBtu/sf), SourceEUI(kBtu/sf), SiteEnergyUse(kBtu), Electricity(kWh), Electricity(kBtu), NaturalGas(kBtu), TotalGHGEmissions, GHGEmissionsIntensity"
Legacy Centre & Arbor Place Tower,Multifamily HR (10+),High-Rise Multifamily,358176,26,30.39999962,95.40000153,8393893.0,8393892.0,0.0,0.0,58.52,0.16,85.0,4,"PropertyGFATotal, NumberofFloors, Electricity(kWh), Electricity(kBtu)"
818 Stewart,NonResidential,Large Office,362046,14,66.59999847,207.8000031,15725581.0,15566951.0,158627.0,0.0,116.95,0.32,86.0,5,"PropertyGFATotal, NumberofFloors, SiteEnergyUse(kBtu), Electricity(kWh), Electricity(kBtu)"
ID Village Square 2,Multifamily MR (5-9),Mid-Rise Multifamily,228288,5,55.59999847,0.0,5974993.5,1966947.0,0.0,0.0,13.71,0.06,,1,PropertyGFATotal
Marketplace at Queen Anne,NonResidential,Other,81336,2,160.8000031,405.2999878,13085297.0,9206777.0,3878519.0,0.0,270.17,3.32,,8,"SiteEUI(kBtu/sf), SourceEUI(kBtu/sf), SiteEnergyUse(kBtu), Electricity(kWh), Electricity(kBtu), NaturalGas(kBtu), TotalGHGEmissions, GHGEmissionsIntensity"
One Convention Place,NonResidential,Large Office,538933,23,43.70000076,137.1999969,16020642.0,16020640.0,0.0,0.0,111.69,0.21,90.0,5,"PropertyGFATotal, NumberofFloors, SiteEnergyUse(kBtu), Electricity(kWh), Electricity(kBtu)"
(ID691) OLYMPIC TOWER CONDOMINIUM,Multifamily HR (10+),High-Rise Multifamily,99470,13,69.40000153,168.8000031,6136327.5,4063986.0,2072341.0,0.0,138.39,1.39,,1,NumberofFloors
2323 Elliott,NonResidential,Other,275982,6,66.40000153,208.3999939,5233553.5,5233553.0,0.0,0.0,36.49,0.13,,1,PropertyGFATotal
Rainier Brewery,NonResidential,Large Office,158931,1,67.69999695,199.3000031,8751704.0,7938248.0,813455.0,0.0,98.54,0.62,12.0,2,"Electricity(kWh), Electricity(kBtu)"
"Ocean Beauty Seafoods, LLC",NonResidential,Large Office,105100,1,210.1000061,571.7000122,22078064.0,17657706.0,4420357.0,0.0,357.86,3.4,1.0,8,"SiteEUI(kBtu/sf), SourceEUI(kBtu/sf), SiteEnergyUse(kBtu), Electricity(kWh), Electricity(kBtu), NaturalGas(kBtu), TotalGHGEmissions, GHGEmissionsIntensity"
IUC- Whole Foods Interbay,NonResidential,Supermarket / Grocery Store,57176,1,208.8000031,0.0,12525174.0,0.0,0.0,0.0,0.0,0.0,31.0,2,"SiteEUI(kBtu/sf), SiteEnergyUse(kBtu)"
501 Elliott Ave West,NonResidential,Large Office,165111,4,231.3999939,726.5999756,25478086.0,25478083.0,0.0,0.0,177.62,1.08,1.0,5,"SiteEUI(kBtu/sf), SourceEUI(kBtu/sf), SiteEnergyUse(kBtu), Electricity(kWh), Electricity(kBtu)"
401 Elliott Ave West,NonResidential,Large Office,129551,4,311.7000122,978.9000244,27137190.0,27137187.0,0.0,0.0,189.18,1.46,1.0,5,"SiteEUI(kBtu/sf), SourceEUI(kBtu/sf), SiteEnergyUse(kBtu), Electricity(kWh), Electricity(kBtu)"
351 Elliott Ave West,NonResidential,Large Office,159937,5,73.80000305,231.8000031,7857972.5,7857972.0,0.0,0.0,54.78,0.34,63.0,2,"Electricity(kWh), Electricity(kBtu)"
333 Elliott West,NonResidential,Large Office,183964,5,108.3000031,340.0,14856199.0,14856198.0,0.0,0.0,103.57,0.56,56.0,4,"SourceEUI(kBtu/sf), SiteEnergyUse(kBtu), Electricity(kWh), Electricity(kBtu)"
101 ELLIOTT AVENUE WEST,NonResidential,Large Office,208210,5,50.09999847,125.1999969,5514308.5,3817281.0,1697027.0,0.0,116.74,0.56,95.0,1,PropertyGFATotal
3131 Elliott Avenue,NonResidential,Large Office,277486,7,65.90000153,206.8000031,12729858.0,12729856.0,0.0,0.0,88.74,0.32,63.0,4,"PropertyGFATotal, SiteEnergyUse(kBtu), Electricity(kWh), Electricity(kBtu)"
Pier 69 Corporate HQ,NonResidential,Large Office,187130,3,52.59999847,165.1000061,10053489.0,10053488.0,0.0,0.0,70.09,0.37,77.0,4,"PropertyGFATotal, SiteEnergyUse(kBtu), Electricity(kWh), Electricity(kBtu)"
World Trade Center - North,NonResidential,Large Office,251044,5,123.6999969,388.3999939,17186624.0,17186623.0,0.0,0.0,119.81,0.48,99.0,6,"PropertyGFATotal, SiteEUI(kBtu/sf), SourceEUI(kBtu/sf), SiteEnergyUse(kBtu), Electricity(kWh), Electricity(kBtu)"
51 University,NonResidential,Large Office,108245,6,45.79999924,138.6999969,4515180.5,4248918.0,0.0,266262.0,50.17,0.46,,1,SteamUse(kBtu)
National Building,NonResidential,Large Office,167860,6,52.0,163.1999969,6797647.0,6797646.0,0.0,0.0,47.39,0.28,70.0,2,"Electricity(kWh), Electricity(kBtu)"
Western Building,NonResidential,Retail Store,86204,6,43.5,596.7999878,3241917.0,2235899.0,1006018.0,0.0,69.02,0.8,89.0,1,SourceEUI(kBtu/sf)
Airport Way Ctr - Bldg C,Nonresidential COS,Warehouse,145158,2,52.29999924,146.8999939,8384523.0,7062138.0,1322385.0,0.0,119.46,0.82,51.0,2,"Electricity(kWh), Electricity(kBtu)"
Holgate Center,NonResidential,Large Office,112896,2,92.90000153,256.6000061,10287986.0,8429189.0,1858797.0,0.0,157.48,1.39,66.0,4,"SourceEUI(kBtu/sf), SiteEnergyUse(kBtu), Electricity(kWh), Electricity(kBtu)"
Pacific Iron & Metal,NonResidential,Warehouse,61200,2,80.30000305,145.1999969,4912143.0,1782902.0,3129241.0,0.0,178.62,2.92,16.0,1,NaturalGas(kBtu)
70100122-Greenwood,NonResidential,Supermarket / Grocery Store,141890,1,100.0,266.6000061,16865978.0,13051820.0,3814156.0,0.0,293.56,2.07,91.0,6,"SourceEUI(kBtu/sf), SiteEnergyUse(kBtu), Electricity(kWh), Electricity(kBtu), NaturalGas(kBtu), TotalGHGEmissions"
UW Benjamin Hall IRB,NonResidential,Other,143439,6,214.3999939,471.6000061,25631512.0,14100771.0,11530741.0,0.0,710.7,4.95,,8,"SiteEUI(kBtu/sf), SourceEUI(kBtu/sf), SiteEnergyUse(kBtu), Electricity(kWh), Electricity(kBtu), NaturalGas(kBtu), TotalGHGEmissions, GHGEmissionsIntensity"
Lakeview 837 N 34th,NonResidential,Large Office,202623,4,79.5,249.6999969,8873485.0,8873484.0,0.0,0.0,61.86,0.31,73.0,4,"PropertyGFATotal, SourceEUI(kBtu/sf), Electricity(kWh), Electricity(kBtu)"
1000 Dexter-RREEF  SeaDPD ID 741,NonResidential,Large Office,110524,5,63.90000153,200.5,6859198.0,6859197.0,0.0,0.0,47.82,0.43,57.0,2,"Electricity(kWh), Electricity(kBtu)"
1100 Eastlake,NonResidential,Mixed Use Property,287224,5,139.8999939,388.8999939,21042926.0,17407502.0,3635421.0,0.0,314.43,1.09,,8,"PropertyGFATotal, SiteEUI(kBtu/sf), SourceEUI(kBtu/sf), SiteEnergyUse(kBtu), Electricity(kWh), Electricity(kBtu), NaturalGas(kBtu), TotalGHGEmissions"
Dendreon Pharmaceuticals Inc. (Building Owner is Alexandria Real Estate),NonResidential,Laboratory,115748,4,374.2000122,756.0,36436388.0,16913185.0,19523202.0,0.0,1154.79,9.98,,8,"SiteEUI(kBtu/sf), SourceEUI(kBtu/sf), SiteEnergyUse(kBtu), Electricity(kWh), Electricity(kBtu), NaturalGas(kBtu), TotalGHGEmissions, GHGEmissionsIntensity"
West Tower,NonResidential,Large Office,241875,7,53.09999847,164.5,8655604.0,8488392.0,167210.0,0.0,68.06,0.28,88.0,3,"PropertyGFATotal, Electricity(kWh), Electricity(kBtu)"
Pier 70,NonResidential,Small- and Mid-Sized Office,76893,3,113.3000031,280.5,12029600.0,8209260.0,3820339.0,0.0,260.13,3.38,,8,"SiteEUI(kBtu/sf), SourceEUI(kBtu/sf), SiteEnergyUse(kBtu), Electricity(kWh), Electricity(kBtu), NaturalGas(kBtu), TotalGHGEmissions, GHGEmissionsIntensity"
Fourth and Vine,NonResidential,Large Office,150000,8,73.80000305,212.1000061,9343428.0,8155743.0,1187684.0,0.0,119.93,0.8,65.0,3,"SiteEnergyUse(kBtu), Electricity(kWh), Electricity(kBtu)"
Children's Hospital Research Building #2,NonResidential,Large Office,274362,7,60.29999924,183.8999939,16540550.0,15836054.0,704494.0,0.0,147.82,0.54,82.0,4,"PropertyGFATotal, SiteEnergyUse(kBtu), Electricity(kWh), Electricity(kBtu)"
Blanchard Plaza (CoS Energy Reporting),NonResidential,Large Office,378002,15,65.69999695,185.6000061,17750994.0,15083312.0,2667680.0,0.0,246.83,0.65,85.0,6,"PropertyGFATotal, NumberofFloors, SiteEnergyUse(kBtu), Electricity(kWh), Electricity(kBtu), TotalGHGEmissions"
ACTIVE VOICE,NonResidential,Large Office,169020,11,65.59999847,157.5,11480494.0,7209495.0,1383432.0,2887565.25,346.62,2.05,83.0,6,"NumberofFloors, SiteEnergyUse(kBtu), Electricity(kWh), Electricity(kBtu), SteamUse(kBtu), TotalGHGEmissions"
WestinBuilding,NonResidential,Other,429405,33,639.7000122,2007.900024,274682208.0,274532495.0,149672.0,0.0,1921.82,4.48,98.0,9,"PropertyGFATotal, NumberofFloors, SiteEUI(kBtu/sf), SourceEUI(kBtu/sf), SiteEnergyUse(kBtu), Electricity(kWh), Electricity(kBtu), TotalGHGEmissions, GHGEmissionsIntensity"
Columbia Center - 2015,NonResidential,Large Office,1952220,76,55.29999924,167.3000031,92937640.0,87851862.0,5085763.0,0.0,882.56,0.45,86.0,7,"PropertyGFATotal, NumberofFloors, SiteEnergyUse(kBtu), Electricity(kWh), Electricity(kBtu), NaturalGas(kBtu), TotalGHGEmissions"
Eighth & Olive - New,NonResidential,Large Office,383515,19,47.90000153,150.5,15878689.0,15878687.0,0.0,0.0,110.7,0.29,90.0,5,"PropertyGFATotal, NumberofFloors, SiteEnergyUse(kBtu), Electricity(kWh), Electricity(kBtu)"
Medical Dental Building,NonResidential,Medical Office,363934,18,72.90000153,190.0,22104512.0,16002341.0,11981.0,6090187.5,582.28,1.6,68.0,7,"PropertyGFATotal, NumberofFloors, SiteEnergyUse(kBtu), Electricity(kWh), Electricity(kBtu), SteamUse(kBtu), TotalGHGEmissions"
601 Pine St,NonResidential,Retail Store,78920,4,105.1999969,300.6000061,8303666.5,7177346.0,1126320.0,0.0,109.85,1.39,80.0,3,"SourceEUI(kBtu/sf), Electricity(kWh), Electricity(kBtu)"
Pacific Place,NonResidential,Other,947987,0,62.29999924,195.6000061,46510960.0,46510954.0,0.0,0.0,324.25,0.34,,5,"PropertyGFATotal, SiteEnergyUse(kBtu), Electricity(kWh), Electricity(kBtu), TotalGHGEmissions"
Broadacres Building,NonResidential,Large Office,132998,10,27.29999924,64.30000305,3775187.5,2244507.0,0.0,1530680.625,133.8,1.01,97.0,2,"NumberofFloors, SteamUse(kBtu)"
Kress Building,NonResidential,Retail Store,77555,3,106.0999985,333.0,7802205.5,7802052.0,153.0,0.0,54.4,0.7,39.0,3,"SourceEUI(kBtu/sf), Electricity(kWh), Electricity(kBtu)"
Financial Center - COS Compliance,NonResidential,Large Office,489182,29,93.80000305,274.5,36378588.0,32633842.0,3744742.0,0.0,426.39,0.87,43.0,8,"PropertyGFATotal, NumberofFloors, SourceEUI(kBtu/sf), SiteEnergyUse(kBtu), Electricity(kWh), Electricity(kBtu), NaturalGas(kBtu), TotalGHGEmissions"
Seattle Tower,NonResidential,Large Office,216571,27,86.0,192.6999969,16246106.0,8704772.0,127447.0,7413886.0,639.72,2.95,62.0,7,"PropertyGFATotal, NumberofFloors, SiteEnergyUse(kBtu), Electricity(kWh), Electricity(kBtu), SteamUse(kBtu), TotalGHGEmissions"
1200 3rd Ave,NonResidential,Large Office,189175,13,115.8000031,363.6000061,19036416.0,19036413.0,0.0,0.0,132.71,0.7,13.0,7,"PropertyGFATotal, NumberofFloors, SiteEUI(kBtu/sf), SourceEUI(kBtu/sf), SiteEnergyUse(kBtu), Electricity(kWh), Electricity(kBtu)"
1015 3rd Ave,NonResidential,Large Office,293803,13,117.4000015,368.5,17074142.0,17074139.0,0.0,0.0,119.03,0.41,25.0,7,"PropertyGFATotal, NumberofFloors, SiteEUI(kBtu/sf), SourceEUI(kBtu/sf), SiteEnergyUse(kBtu), Electricity(kWh), Electricity(kBtu)"
Hoge Building,NonResidential,Large Office,116640,17,70.30000305,185.8999939,6758565.5,5021914.0,0.0,1736650.625,169.06,1.45,75.0,2,"NumberofFloors, SteamUse(kBtu)"
800 Fifth Avenue,NonResidential,Large Office,1249055,42,38.0,119.5,37980712.0,37980705.0,0.0,0.0,264.78,0.21,95.0,6,"PropertyGFATotal, NumberofFloors, SiteEnergyUse(kBtu), Electricity(kWh), Electricity(kBtu), TotalGHGEmissions"
First Hill Medical Building,NonResidential,Medical Office,188339,5,104.0999985,310.2999878,8523594.0,7873601.0,649993.0,0.0,89.41,0.47,15.0,4,"PropertyGFATotal, SourceEUI(kBtu/sf), Electricity(kWh), Electricity(kBtu)"
Administration Building,NonResidential,Large Office,224857,9,74.5,195.6999969,15272491.0,11225008.0,0.0,4047481.0,390.67,1.74,79.0,6,"PropertyGFATotal, SiteEnergyUse(kBtu), Electricity(kWh), Electricity(kBtu), SteamUse(kBtu), TotalGHGEmissions"
King Street Center,NonResidential,Large Office,446261,8,39.5,124.0999985,13568148.0,13568146.0,0.0,0.0,94.59,0.21,96.0,4,"PropertyGFATotal, SiteEnergyUse(kBtu), Electricity(kWh), Electricity(kBtu)"
Airport Way Ctr - Bldg A,Nonresidential COS,Other,99122,4,146.0,422.3999939,14469228.0,12766128.0,1703098.0,0.0,179.45,1.81,,5,"SiteEUI(kBtu/sf), SourceEUI(kBtu/sf), SiteEnergyUse(kBtu), Electricity(kWh), Electricity(kBtu)"
United Parcel Service,NonResidential,Other,141686,1,43.79999924,137.3999939,6673138.0,6673137.0,0.0,0.0,46.52,0.33,,2,"Electricity(kWh), Electricity(kBtu)"
Seattle Design Center (Atrium Building),NonResidential,Large Office,156188,2,48.20000076,147.1999969,6843855.0,6557481.0,286373.0,0.0,60.92,0.39,67.0,2,"Electricity(kWh), Electricity(kBtu)"
6100 Building,NonResidential,Large Office,238148,5,43.90000153,138.0,10775646.0,10775645.0,0.0,0.0,75.12,0.32,93.0,4,"PropertyGFATotal, SiteEnergyUse(kBtu), Electricity(kWh), Electricity(kBtu)"
NORTH BLDG,NonResidential,Other,361398,6,108.5,308.7999878,8915523.0,7663584.0,1251938.0,0.0,119.92,0.33,,4,"PropertyGFATotal, SourceEUI(kBtu/sf), Electricity(kWh), Electricity(kBtu)"
70500849 -- Rainier Valley,NonResidential,Supermarket / Grocery Store,50785,1,271.7000122,615.5999756,7439009.0,4327325.0,3111684.0,0.0,195.43,3.85,57.0,4,"SiteEUI(kBtu/sf), SourceEUI(kBtu/sf), NaturalGas(kBtu), GHGEmissionsIntensity"
200 SW Michigan,NonResidential,Small- and Mid-Sized Office,85126,3,465.5,725.5999756,37951708.0,18610055.0,685132.0,0.0,166.13,1.95,1.0,5,"SiteEUI(kBtu/sf), SourceEUI(kBtu/sf), SiteEnergyUse(kBtu), Electricity(kWh), Electricity(kBtu)"
Northgate North,NonResidential,Other,303255,5,36.5,111.3000031,11077140.0,10602152.0,474987.0,0.0,99.14,0.33,,4,"PropertyGFATotal, SiteEnergyUse(kBtu), Electricity(kWh), Electricity(kBtu)"
Portside Distribution Center,NonResidential,Distribution Center,411584,1,37.0,77.40000153,15091579.0,7501894.0,7589685.0,0.0,455.39,1.11,43.0,6,"PropertyGFATotal, SiteEnergyUse(kBtu), Electricity(kWh), Electricity(kBtu), NaturalGas(kBtu), TotalGHGEmissions"
645 Elliott - North Building,NonResidential,Large Office,242686,4,65.0,204.0,9683979.0,9683978.0,0.0,0.0,67.51,0.28,77.0,4,"PropertyGFATotal, SiteEnergyUse(kBtu), Electricity(kWh), Electricity(kBtu)"
West Lake Union Center,NonResidential,Large Office,381511,10,51.90000153,157.3999939,11410228.0,10834205.0,576022.0,0.0,106.12,0.28,87.0,5,"PropertyGFATotal, NumberofFloors, SiteEnergyUse(kBtu), Electricity(kWh), Electricity(kBtu)"
Fifth and Yesler,NonResidential,Large Office,413264,17,46.09999847,144.8000031,13631141.0,13631140.0,0.0,0.0,95.03,0.23,91.0,5,"PropertyGFATotal, NumberofFloors, SiteEnergyUse(kBtu), Electricity(kWh), Electricity(kBtu)"
Patricia Steele Building,NonResidential,Medical Office,275130,5,55.90000153,175.6000061,9941308.0,9941307.0,0.0,0.0,69.3,0.25,70.0,4,"PropertyGFATotal, SiteEnergyUse(kBtu), Electricity(kWh), Electricity(kBtu)"
Swedish First Hill,NonResidential,Hospital,1765970,14,177.8999939,377.0,291614432.0,139354828.0,17316120.0,134943456.0,12307.16,6.97,54.0,11,"PropertyGFATotal, NumberofFloors, SiteEUI(kBtu/sf), SourceEUI(kBtu/sf), SiteEnergyUse(kBtu), Electricity(kWh), Electricity(kBtu), NaturalGas(kBtu), SteamUse(kBtu), TotalGHGEmissions, GHGEmissionsIntensity"
Northwest Work Lofts,NonResidential,Other,62600,4,51.79999924,93.5,11147342.0,4031128.0,7116213.0,0.0,406.04,6.49,,4,"SiteEnergyUse(kBtu), NaturalGas(kBtu), TotalGHGEmissions, GHGEmissionsIntensity"
600 Broadway,NonResidential,Medical Office,289419,5,87.09999847,259.7000122,12731388.0,11761550.0,969837.0,0.0,133.5,0.46,59.0,5,"PropertyGFATotal, SourceEUI(kBtu/sf), SiteEnergyUse(kBtu), Electricity(kWh), Electricity(kBtu)"
Salal Credit Union Headquarters,NonResidential,Other,90266,5,88.80000305,278.7000122,7771933.5,7771933.0,0.0,0.0,54.18,0.6,18.0,3,"SourceEUI(kBtu/sf), Electricity(kWh), Electricity(kBtu)"
Silver Cloud Inn - Broadway,NonResidential,Hotel,150545,6,133.3999939,256.5,13410041.0,5601497.0,7808543.0,0.0,453.76,3.01,28.0,5,"SiteEUI(kBtu/sf), SourceEUI(kBtu/sf), SiteEnergyUse(kBtu), NaturalGas(kBtu), TotalGHGEmissions"
EMP Museum,NonResidential,Other,141718,5,136.3000031,360.7000122,19085174.0,14573159.0,4512014.0,0.0,341.23,2.41,,7,"SiteEUI(kBtu/sf), SourceEUI(kBtu/sf), SiteEnergyUse(kBtu), Electricity(kWh), Electricity(kBtu), NaturalGas(kBtu), TotalGHGEmissions"
The Maxwell Hotel,NonResidential,Hotel,111856,5,98.40000153,208.3000031,9444484.0,4825247.0,4619236.0,0.0,278.97,2.49,8.0,3,"SiteEnergyUse(kBtu), NaturalGas(kBtu), TotalGHGEmissions"
Pioneer Industries,NonResidential,Warehouse,70400,1,198.3000031,502.7000122,13962749.0,9916987.0,4045761.0,0.0,284.01,4.03,1.0,8,"SiteEUI(kBtu/sf), SourceEUI(kBtu/sf), SiteEnergyUse(kBtu), Electricity(kWh), Electricity(kBtu), NaturalGas(kBtu), TotalGHGEmissions, GHGEmissionsIntensity"
#4706 Bitterlake,NonResidential,Retail Store,101830,1,81.90000153,180.8999939,10713006.0,5935365.0,4777640.0,0.0,295.12,2.9,60.0,3,"SiteEnergyUse(kBtu), NaturalGas(kBtu), TotalGHGEmissions"
SCCC SEATTLE VOCATIONAL INST.,NonResidential,University,114000,4,66.40000153,186.0,7575080.0,6341815.0,1233264.0,0.0,109.71,0.96,,2,"Electricity(kWh), Electricity(kBtu)"
Stanford Center Building (JSCEE),SPS-District K-12,Other,338063,3,61.20000076,176.6000061,20675922.0,18175883.0,2500035.0,0.0,259.49,0.77,,5,"PropertyGFATotal, SiteEnergyUse(kBtu), Electricity(kWh), Electricity(kBtu), TotalGHGEmissions"
James Tower,NonResidential,Medical Office,320946,6,78.90000153,246.1999969,25471308.0,25205084.0,266222.0,0.0,189.85,0.59,57.0,4,"PropertyGFATotal, SiteEnergyUse(kBtu), Electricity(kWh), Electricity(kBtu)"
70500847 -- Harvard Market,NonResidential,Supermarket / Grocery Store,119190,3,217.8000031,491.2000122,10077532.0,5813407.0,4264124.0,0.0,267.0,2.24,71.0,5,"SiteEUI(kBtu/sf), SourceEUI(kBtu/sf), SiteEnergyUse(kBtu), NaturalGas(kBtu), TotalGHGEmissions"
Filson World Headquarters LP,NonResidential,Mixed Use Property,66138,3,139.8000031,439.0,7070998.5,7070998.0,0.0,0.0,49.29,0.75,3.0,4,"SiteEUI(kBtu/sf), SourceEUI(kBtu/sf), Electricity(kWh), Electricity(kBtu)"
4545 Building 751,NonResidential,Large Office,113944,3,273.2999878,855.2000122,17880184.0,17791664.0,88516.0,0.0,128.73,1.13,1.0,5,"SiteEUI(kBtu/sf), SourceEUI(kBtu/sf), SiteEnergyUse(kBtu), Electricity(kWh), Electricity(kBtu)"
Paramount Rehab & Nursing,Multifamily LR (1-4),Senior Care Community,66402,3,68.5,119.5,9097980.0,3023688.0,6074292.0,0.0,343.68,5.18,72.0,3,"NaturalGas(kBtu), TotalGHGEmissions, GHGEmissionsIntensity"
53196 - The Cobb,Multifamily HR (10+),High-Rise Multifamily,321945,11,55.29999924,107.0999985,6856153.5,2780803.0,2380616.0,1694733.75,276.63,0.86,31.0,4,"PropertyGFATotal, NumberofFloors, SteamUse(kBtu), TotalGHGEmissions"
Pacific Multiforms Inc- Campus,Campus,Other,22800,1,97.5,135.1999969,2222097.5,358020.0,1864077.0,0.0,101.5,4.45,,1,GHGEmissionsIntensity
Dexter Lake Union,Multifamily HR (10+),High-Rise Multifamily,286408,11,32.40000153,101.5999985,6310254.0,6309922.0,332.0,0.0,44.01,0.15,78.0,4,"PropertyGFATotal, NumberofFloors, Electricity(kWh), Electricity(kBtu)"
"Avenue One, A Condominium",Multifamily HR (10+),High-Rise Multifamily,120405,13,31.60000038,90.80000305,3366510.0,2938894.0,427616.0,0.0,43.2,0.36,,1,NumberofFloors
Sand Point Country Club,NonResidential,Other,39971,3,274.2000122,476.1000061,10960107.0,3598398.0,7361709.0,0.0,416.07,10.41,,6,"SiteEUI(kBtu/sf), SourceEUI(kBtu/sf), SiteEnergyUse(kBtu), NaturalGas(kBtu), TotalGHGEmissions, GHGEmissionsIntensity"
Olive Tower,Multifamily HR (10+),High-Rise Multifamily,50141,14,91.59999847,140.8000031,3077371.0,718589.0,2358782.0,0.0,130.28,2.6,82.0,1,NumberofFloors
1100 Olive Lab,NonResidential,Laboratory,44588,2,105.0999985,330.0,7251589.0,7251588.0,0.0,0.0,50.55,1.13,,3,"SourceEUI(kBtu/sf), Electricity(kWh), Electricity(kBtu)"
Bellora,Multifamily HR (10+),High-Rise Multifamily,106066,13,39.90000153,85.19999695,4988493.5,2591895.0,2396598.0,0.0,145.35,1.37,61.0,1,NumberofFloors
Security House,Multifamily HR (10+),High-Rise Multifamily,91600,13,53.09999847,166.6999969,4206839.5,4206839.0,0.0,0.0,29.33,0.32,18.0,1,NumberofFloors
The Audrey at Belltown,Multifamily MR (5-9),Mid-Rise Multifamily,188717,8,31.0,90.09999847,4192895.0,3732669.0,460226.0,0.0,50.46,0.27,85.0,1,PropertyGFATotal
Bay Vista,Multifamily HR (10+),High-Rise Multifamily,167941,24,17.29999924,50.40000153,2407904.5,2137828.0,270076.0,0.0,29.25,0.17,100.0,1,NumberofFloors
El Gaucho Restaurant,NonResidential,Restaurant,31020,2,160.1999969,250.5,4970047.0,1221601.0,3748445.0,0.0,207.6,6.69,,4,"SiteEUI(kBtu/sf), SourceEUI(kBtu/sf), NaturalGas(kBtu), GHGEmissionsIntensity"
Olympus Towers,Multifamily HR (10+),High-Rise Multifamily,590869,16,36.29999924,84.0,14856602.0,8983223.0,5873378.0,0.0,374.56,0.63,93.0,7,"PropertyGFATotal, NumberofFloors, SiteEnergyUse(kBtu), Electricity(kWh), Electricity(kBtu), NaturalGas(kBtu), TotalGHGEmissions"
Humphrey House Apts,Multifamily MR (5-9),Mid-Rise Multifamily,40329,7,93.80000305,165.3999939,3696784.75,1263822.0,2432963.0,0.0,138.03,3.42,,1,GHGEmissionsIntensity
Linden Square Apartments,Multifamily MR (5-9),Mid-Rise Multifamily,214388,5,26.60000038,83.5,4555219.5,4555219.0,0.0,0.0,31.76,0.15,96.0,1,PropertyGFATotal
Alterra COA,Multifamily MR (5-9),Mid-Rise Multifamily,208125,6,37.59999847,49.59999847,3273645.5,421838.0,2851807.0,0.0,154.4,0.74,,1,PropertyGFATotal
EAST BLDG N,NonResidential,Retail Store,25862,2,185.6999969,371.6000061,4801472.0,2185523.0,2615949.0,0.0,154.17,5.96,20.0,3,"SiteEUI(kBtu/sf), SourceEUI(kBtu/sf), GHGEmissionsIntensity"
St. Charles Apts,Multifamily MR (5-9),Mid-Rise Multifamily,23338,6,64.80000305,110.5999985,2050861.125,644057.0,1406804.0,0.0,79.21,3.39,62.0,1,GHGEmissionsIntensity
Hartford Building,NonResidential,Small- and Mid-Sized Office,20028,2,25.60000038,65.59999847,511797.4063,360055.0,0.0,151742.5,14.22,0.71,95.0,1,SteamUse(kBtu)
Lowman Building,Multifamily HR (10+),High-Rise Multifamily,65535,10,57.90000153,146.8000031,3245772.0,2231200.0,0.0,1014571.688,93.87,1.43,,2,"NumberofFloors, SteamUse(kBtu)"
Marion 823,NonResidential,Mixed Use Property,38539,2,83.59999847,262.3999939,2186018.5,2186018.0,0.0,0.0,15.24,0.4,55.0,1,SourceEUI(kBtu/sf)
Lexington/Concord Appartments,Multifamily LR (1-4),Low-Rise Multifamily,33440,3,98.40000153,130.1000061,3288836.0,428689.0,2860147.0,0.0,154.89,4.63,38.0,1,GHGEmissionsIntensity
Centennial Tower,Multifamily HR (10+),High-Rise Multifamily,321050,26,62.59999847,142.1999969,14168729.0,8297277.0,5871452.0,0.0,369.68,1.15,32.0,7,"PropertyGFATotal, NumberofFloors, SiteEnergyUse(kBtu), Electricity(kWh), Electricity(kBtu), NaturalGas(kBtu), TotalGHGEmissions"
Centennial Court,Multifamily MR (5-9),Mid-Rise Multifamily,192077,7,25.60000038,80.30000305,3644982.25,3644982.0,0.0,0.0,25.41,0.13,98.0,1,PropertyGFATotal
Moda,Multifamily MR (5-9),Mid-Rise Multifamily,203940,7,45.29999924,101.1999969,6485203.0,3672464.0,2812738.0,0.0,174.99,0.86,97.0,1,PropertyGFATotal
CENTENNIAL BUILDING,NonResidential,Small- and Mid-Sized Office,44098,2,55.59999847,141.0,1441900.5,991378.0,0.0,450522.3125,41.69,0.95,53.0,1,SteamUse(kBtu)
G4 Capital Sea Holdings LLC,NonResidential,Restaurant,22381,3,157.8999939,288.8999939,3532966.5,1319044.0,2213922.0,0.0,126.78,5.66,,3,"SiteEUI(kBtu/sf), SourceEUI(kBtu/sf), GHGEmissionsIntensity"
Metropolitan Tower Apartments,Multifamily HR (10+),High-Rise Multifamily,538339,31,42.0,95.0,22591288.0,13120121.0,9471167.0,0.0,594.48,1.1,47.0,7,"PropertyGFATotal, NumberofFloors, SiteEnergyUse(kBtu), Electricity(kWh), Electricity(kBtu), NaturalGas(kBtu), TotalGHGEmissions"
3000/3018 Western,NonResidential,Laboratory,49249,4,696.7000122,1206.699951,33268410.0,10854749.0,22413661.0,0.0,1266.06,25.71,,8,"SiteEUI(kBtu/sf), SourceEUI(kBtu/sf), SiteEnergyUse(kBtu), Electricity(kWh), Electricity(kBtu), NaturalGas(kBtu), TotalGHGEmissions, GHGEmissionsIntensity"
2900 ON FIRST APARTMENTS,Multifamily MR (5-9),Mid-Rise Multifamily,188715,5,32.79999924,103.0999985,3834440.0,3833492.0,947.0,0.0,26.78,0.14,72.0,1,PropertyGFATotal
Fountain Court,Multifamily MR (5-9),Mid-Rise Multifamily,328947,6,29.60000038,89.59999847,8233527.5,7779214.0,454313.0,0.0,78.36,0.24,79.0,3,"PropertyGFATotal, Electricity(kWh), Electricity(kBtu)"
Bayview Tower,Multifamily HR (10+),High-Rise Multifamily,70200,13,53.29999924,167.3999939,3742915.0,3742915.0,0.0,0.0,26.09,0.37,9.0,1,NumberofFloors
Skye at Belltown,Multifamily HR (10+),High-Rise Multifamily,393841,18,53.40000153,93.09999847,17431872.0,5788003.0,11643866.0,0.0,658.76,1.67,81.0,5,"PropertyGFATotal, NumberofFloors, SiteEnergyUse(kBtu), NaturalGas(kBtu), TotalGHGEmissions"
Olympic Sculpture Park,NonResidential,Mixed Use Property,33792,2,241.1000061,701.9000244,2547848.0,2269684.0,278164.0,0.0,30.6,0.91,,2,"SiteEUI(kBtu/sf), SourceEUI(kBtu/sf)"
Belltown Court Condo HOA,Multifamily MR (5-9),Mid-Rise Multifamily,224732,8,53.40000153,143.8000031,9851937.0,7745767.0,2106169.0,0.0,165.86,0.74,26.0,4,"PropertyGFATotal, SiteEnergyUse(kBtu), Electricity(kWh), Electricity(kBtu)"
The Bering,Multifamily LR (1-4),Low-Rise Multifamily,27182,4,74.30000305,100.6999969,2019672.875,294505.0,1725168.0,0.0,93.68,3.45,37.0,1,GHGEmissionsIntensity
BLDG A,NonResidential,Retail Store,39265,2,133.3999939,406.7000122,5238803.0,5009101.0,229701.0,0.0,47.12,1.2,,2,"SiteEUI(kBtu/sf), SourceEUI(kBtu/sf)"
NW BLDG,NonResidential,Retail Store,54284,2,124.0,375.7000122,6778694.0,6424200.0,354493.0,0.0,63.61,1.17,18.0,4,"SiteEUI(kBtu/sf), SourceEUI(kBtu/sf), Electricity(kWh), Electricity(kBtu)"
BLDG C,NonResidential,Retail Store,23409,1,108.6999969,320.7999878,2545405.0,2314166.0,231239.0,0.0,28.41,1.21,67.0,1,SourceEUI(kBtu/sf)
Nordheim Court,Multifamily LR (1-4),Low-Rise Multifamily,321333,2,41.90000153,96.80000305,7311465.5,4410910.0,2900555.0,0.0,184.8,0.58,89.0,1,PropertyGFATotal
Trailside Apts 4701 & 4708 (ID20059),Multifamily LR (1-4),Low-Rise Multifamily,26157,3,96.90000153,304.2999878,2534873.5,2534873.0,0.0,0.0,17.67,0.68,1.0,1,SourceEUI(kBtu/sf)
FareStart,NonResidential,Restaurant,33600,3,133.1999969,322.7999878,4475650.0,2941315.0,1534335.0,0.0,101.99,3.04,,2,"SiteEUI(kBtu/sf), SourceEUI(kBtu/sf)"
The Virginian,Multifamily LR (1-4),Low-Rise Multifamily,21130,3,66.90000153,87.80000305,1412896.0,178191.0,1234705.0,0.0,66.82,3.16,87.0,1,GHGEmissionsIntensity
Sheridan Apartments,Multifamily MR (5-9),Mid-Rise Multifamily,36880,6,56.70000076,90.30000305,2090895.75,434778.0,183635.0,1472483.375,126.44,3.43,91.0,2,"SteamUse(kBtu), GHGEmissionsIntensity"
Griffin Building,NonResidential,Other,32356,4,57.40000153,127.4000015,1857154.75,974524.0,0.0,882630.6875,74.92,2.32,81.0,1,SteamUse(kBtu)
The Olivian,Multifamily HR (10+),Other,501239,27,51.70000076,128.8000031,15590743.0,10732395.0,4858347.0,0.0,332.85,0.66,,7,"PropertyGFATotal, NumberofFloors, SiteEnergyUse(kBtu), Electricity(kWh), Electricity(kBtu), NaturalGas(kBtu), TotalGHGEmissions"
Tower 801,Multifamily HR (10+),High-Rise Multifamily,179745,23,64.40000153,171.1000061,7821914.0,6014001.0,1807913.0,0.0,137.94,0.77,11.0,1,NumberofFloors
Bush Hotel,Multifamily MR (5-9),Mid-Rise Multifamily,150374,6,89.80000305,148.3999939,7618626.5,2194730.0,5423896.0,0.0,303.36,2.02,,2,"NaturalGas(kBtu), TotalGHGEmissions"
Gethsemane Condo Association,Multifamily MR (5-9),Mid-Rise Multifamily,67403,7,79.59999847,140.3999939,5364026.0,1833204.0,3530822.0,0.0,200.3,2.97,,1,NaturalGas(kBtu)
Aspira (Seattle) - Municipal Benchmarking Account,Multifamily HR (10+),High-Rise Multifamily,517164,37,25.20000076,73.80000305,10593982.0,9528945.0,1065036.0,0.0,122.99,0.24,90.0,5,"PropertyGFATotal, NumberofFloors, SiteEnergyUse(kBtu), Electricity(kWh), Electricity(kBtu)"
The Station at Othello Park,Multifamily MR (5-9),Mid-Rise Multifamily,387971,7,26.20000076,61.09999847,10614234.0,6518153.0,4096080.0,0.0,262.98,0.68,77.0,6,"PropertyGFATotal, SiteEnergyUse(kBtu), Electricity(kWh), Electricity(kBtu), NaturalGas(kBtu), TotalGHGEmissions"
The Brighton,Multifamily LR (1-4),Low-Rise Multifamily,160561,4,36.70000076,65.09999847,5885427.5,2045497.0,3839930.0,0.0,218.2,1.36,91.0,1,NaturalGas(kBtu)
Brooklyn Plaza,NonResidential,Residence Hall,28572,3,123.5,242.5,2717863.25,1187175.0,1530688.0,0.0,89.57,3.13,16.0,2,"SiteEUI(kBtu/sf), GHGEmissionsIntensity"
Chancery Place Apartments,NonResidential,Residence Hall,115775,15,16.5,51.70000076,2882489.75,2882489.0,0.0,0.0,20.09,0.17,94.0,1,NumberofFloors
University Prep Academy,Campus,K-12 School,21500,3,69.59999847,144.8999939,6689184.0,3307692.0,3381491.0,0.0,202.65,9.43,44.0,2,"NaturalGas(kBtu), GHGEmissionsIntensity"
Hotel Andra,NonResidential,Hotel,104000,9,83.59999847,176.6000061,8690648.0,4159822.0,952277.0,3578548.25,355.8,3.42,8.0,3,"SteamUse(kBtu), TotalGHGEmissions, GHGEmissionsIntensity"
The Hotel Seattle,NonResidential,Hotel,36240,11,59.29999924,93.40000153,2147968.25,456350.0,533500.0,1158118.25,120.91,3.34,98.0,3,"NumberofFloors, SteamUse(kBtu), GHGEmissionsIntensity"
Womens University Club,NonResidential,Other,39320,3,77.40000153,136.6999969,3042875.5,957761.0,919779.0,1165335.75,145.48,3.7,,2,"SteamUse(kBtu), GHGEmissionsIntensity"
REYNOLDS WORK RELEASE,NonResidential,Hotel,35820,6,92.69999695,155.3000031,3321603.0,993349.0,2328254.0,0.0,130.58,3.65,94.0,1,GHGEmissionsIntensity
Holy Rosary School,NonResidential,K-12 School,33462,2,68.90000153,93.09999847,3987215.5,574940.0,3412276.0,0.0,185.23,5.54,76.0,2,"NaturalGas(kBtu), GHGEmissionsIntensity"
Matador/Jak's Grill/8 Limbs Yoga/Fitness,NonResidential,Mixed Use Property,20700,2,206.1000061,299.2999878,4265815.0,821211.0,3444604.0,0.0,188.67,9.11,,4,"SiteEUI(kBtu/sf), SourceEUI(kBtu/sf), NaturalGas(kBtu), GHGEmissionsIntensity"
Altamira,Multifamily MR (5-9),Mid-Rise Multifamily,142099,7,80.80000305,231.1999969,14332778.0,12422213.0,1910564.0,0.0,188.07,1.32,29.0,3,"SiteEnergyUse(kBtu), Electricity(kWh), Electricity(kBtu)"
West Seattle Bowl,NonResidential,Other,41521,1,116.0,243.5,3343550.0,1676726.0,1666824.0,0.0,100.21,2.41,,1,SiteEUI(kBtu/sf)
Link Apartments,Multifamily MR (5-9),Mid-Rise Multifamily,213016,7,31.0,71.90000153,5149928.5,3134145.0,2015783.0,0.0,128.91,0.61,99.0,1,PropertyGFATotal
West Seattle Family YMCA,NonResidential,Other,33334,1,122.4000015,232.3000031,6118300.5,2484706.0,3633594.0,0.0,210.3,6.31,,3,"SiteEUI(kBtu/sf), NaturalGas(kBtu), GHGEmissionsIntensity"
Cedar Park Apartments,Multifamily MR (5-9),Mid-Rise Multifamily,193691,6,43.29999924,97.0,6649938.0,3786865.0,2863072.0,0.0,178.46,0.92,,1,PropertyGFATotal
EBBC LCW,NonResidential,Other,22405,1,189.1000061,324.0,3498214.75,1110079.0,2388136.0,0.0,134.57,6.01,,3,"SiteEUI(kBtu/sf), SourceEUI(kBtu/sf), GHGEmissionsIntensity"
Solara,Multifamily MR (5-9),Mid-Rise Multifamily,320739,5,51.0,110.4000015,9162048.0,4887650.0,4274397.0,0.0,261.09,0.81,76.0,3,"PropertyGFATotal, NaturalGas(kBtu), TotalGHGEmissions"
NW ART AND FRAME/HUSKY ICE CREAM,NonResidential,Other,22180,1,229.3999939,492.7000122,5089083.0,2671917.0,2417166.0,0.0,147.0,6.63,,3,"SiteEUI(kBtu/sf), SourceEUI(kBtu/sf), GHGEmissionsIntensity"
Safeway 0368 - Queen Anne,NonResidential,Supermarket / Grocery Store,25159,1,344.1000061,755.2000122,8905287.0,4878886.0,4026400.0,0.0,247.85,9.85,38.0,5,"SiteEUI(kBtu/sf), SourceEUI(kBtu/sf), NaturalGas(kBtu), TotalGHGEmissions, GHGEmissionsIntensity"
Qualman,Multifamily LR (1-4),Low-Rise Multifamily,25248,3,73.90000153,96.0,1866460.25,221956.0,1644504.0,0.0,88.89,3.52,42.0,1,GHGEmissionsIntensity
Bancroft,Multifamily LR (1-4),Low-Rise Multifamily,24783,3,70.59999847,92.59999847,1750099.75,218403.0,1531697.0,0.0,82.87,3.34,38.0,1,GHGEmissionsIntensity
The Q,Multifamily MR (5-9),Mid-Rise Multifamily,91703,6,55.09999847,82.69999695,4633186.0,1003115.0,3630071.0,0.0,199.79,2.18,86.0,1,NaturalGas(kBtu)
Hillcrest Manor Apartments,Multifamily LR (1-4),Low-Rise Multifamily,28940,3,66.09999847,87.09999847,1913558.375,245285.0,1668273.0,0.0,90.31,3.12,19.0,1,GHGEmissionsIntensity
The Concord,Multifamily HR (10+),High-Rise Multifamily,219874,13,63.79999924,131.1000061,13217550.0,6353982.0,6863568.0,0.0,408.82,1.86,17.0,7,"PropertyGFATotal, NumberofFloors, SiteEnergyUse(kBtu), Electricity(kWh), Electricity(kBtu), NaturalGas(kBtu), TotalGHGEmissions"
Continental Place,Multifamily HR (10+),High-Rise Multifamily,190610,33,95.80000305,167.3000031,14619984.0,4875149.0,9744834.0,0.0,551.53,2.89,7.0,5,"PropertyGFATotal, NumberofFloors, SiteEnergyUse(kBtu), NaturalGas(kBtu), TotalGHGEmissions"
Cosmopolitan Condo's,Multifamily HR (10+),High-Rise Multifamily,299755,33,29.60000038,93.0,8815732.0,8815730.0,0.0,0.0,61.46,0.21,63.0,4,"PropertyGFATotal, NumberofFloors, Electricity(kWh), Electricity(kBtu)"
Decatur Condominiums,Multifamily HR (10+),High-Rise Multifamily,108228,13,41.59999847,95.80000305,4533874.5,2714406.0,1819468.0,0.0,115.56,1.07,80.0,1,NumberofFloors
Stone 34,NonResidential,Large Office,206126,5,32.0,110.5999985,4489661.0,3601473.0,887828.0,0.0,72.26,0.35,98.0,1,PropertyGFATotal
Cristalla-300,Multifamily HR (10+),High-Rise Multifamily,248225,23,89.09999847,190.1999969,18353916.0,9534309.0,8819607.0,0.0,534.88,2.15,1.0,7,"PropertyGFATotal, NumberofFloors, SiteEnergyUse(kBtu), Electricity(kWh), Electricity(kBtu), NaturalGas(kBtu), TotalGHGEmissions"
Ballard Center,NonResidential,Senior Care Community,34636,2,337.5,561.0999756,12148720.0,3561375.0,8587344.0,0.0,480.9,13.88,3.0,6,"SiteEUI(kBtu/sf), SourceEUI(kBtu/sf), SiteEnergyUse(kBtu), NaturalGas(kBtu), TotalGHGEmissions, GHGEmissionsIntensity"
St. John School,NonResidential,K-12 School,28820,3,76.80000305,122.8000031,2595783.5,680757.0,1915026.0,0.0,106.45,3.69,43.0,1,GHGEmissionsIntensity
Kin On Health Care Center,NonResidential,Senior Care Community,48882,2,161.8000031,304.8999939,6782435.0,2708255.0,4074180.0,0.0,235.26,4.81,51.0,5,"SiteEUI(kBtu/sf), SourceEUI(kBtu/sf), NaturalGas(kBtu), TotalGHGEmissions, GHGEmissionsIntensity"
Terreno Lucile,NonResidential,Other,47105,1,225.8000031,432.3999939,10234721.0,4233850.0,6000871.0,0.0,348.22,7.39,,6,"SiteEUI(kBtu/sf), SourceEUI(kBtu/sf), SiteEnergyUse(kBtu), NaturalGas(kBtu), TotalGHGEmissions, GHGEmissionsIntensity"
Building O,NonResidential,Small- and Mid-Sized Office,25872,2,96.0,183.1999969,2399353.5,985457.0,1413896.0,0.0,81.96,3.17,41.0,1,GHGEmissionsIntensity
Plymouth on Stewart,Multifamily MR (5-9),Mid-Rise Multifamily,55882,8,127.0999985,203.5,6458021.5,1702602.0,4755419.0,0.0,264.43,4.73,,4,"SiteEUI(kBtu/sf), NaturalGas(kBtu), TotalGHGEmissions, GHGEmissionsIntensity"
Josephinum,Multifamily HR (10+),High-Rise Multifamily,148219,14,57.90000153,128.0,8575114.0,4565192.0,1213155.0,2796766.0,312.13,2.11,67.0,3,"NumberofFloors, SteamUse(kBtu), TotalGHGEmissions"
Simons Senior Apartments,Multifamily MR (5-9),Mid-Rise Multifamily,96980,6,97.80000305,187.3000031,6503353.5,2693887.0,3809466.0,0.0,221.1,2.28,1.0,2,"NaturalGas(kBtu), TotalGHGEmissions"
Cambridge Apartments,Multifamily HR (10+),High-Rise Multifamily,90920,10,49.29999924,81.80000305,4933374.5,1437109.0,3496265.0,0.0,195.71,2.15,95.0,2,"NumberofFloors, NaturalGas(kBtu)"
Horizon House,Multifamily HR (10+),Senior Care Community,756740,19,40.29999924,94.59999847,35685224.0,21248527.0,1927801.0,12508892.0,1216.05,1.61,71.0,7,"PropertyGFATotal, NumberofFloors, SiteEnergyUse(kBtu), Electricity(kWh), Electricity(kBtu), SteamUse(kBtu), TotalGHGEmissions"
Administration - Cassel Crag,NonResidential,Small- and Mid-Sized Office,39760,4,62.29999924,99.09999847,2478960.0,512225.0,227114.0,1739620.75,149.91,3.77,92.0,2,"SteamUse(kBtu), GHGEmissionsIntensity"
Sunset Club,NonResidential,Other,30971,3,91.19999695,185.6000061,2823184.0,1314572.0,1277622.0,230989.2969,94.85,3.06,,1,SteamUse(kBtu)
Administration - Blackford Hall,NonResidential,Small- and Mid-Sized Office,22667,3,166.1999969,367.3999939,3767135.0,1972293.0,155501.0,1639341.375,148.55,6.55,1.0,4,"SiteEUI(kBtu/sf), SourceEUI(kBtu/sf), SteamUse(kBtu), GHGEmissionsIntensity"
John Winthrop Apartments,Multifamily MR (5-9),Mid-Rise Multifamily,52620,5,99.40000153,157.8000031,4571746.5,1175317.0,3396430.0,0.0,188.58,3.58,28.0,2,"NaturalGas(kBtu), GHGEmissionsIntensity"
030611 - Epicenter Apartments (City of Seattle),Multifamily MR (5-9),Mid-Rise Multifamily,225145,6,30.0,94.19999695,3588718.75,3588719.0,0.0,0.0,25.02,0.11,93.0,1,PropertyGFATotal
"Seventeen Meters, LLC",NonResidential,Other,53103,3,126.0,390.7000122,4877959.0,4788878.0,89080.0,0.0,38.12,0.72,,2,"SiteEUI(kBtu/sf), SourceEUI(kBtu/sf)"
Cascade Terrace,Multifamily LR (1-4),Low-Rise Multifamily,185403,4,31.5,98.90000153,4103027.5,4103027.0,0.0,0.0,28.6,0.15,76.0,1,PropertyGFATotal
LOWELL-EMERSON,Multifamily HR (10+),High-Rise Multifamily,105776,11,55.79999924,98.09999847,5902943.0,1693477.0,0.0,4209466.0,336.73,3.18,,4,"NumberofFloors, SteamUse(kBtu), TotalGHGEmissions, GHGEmissionsIntensity"
Cambridge at Bitter Lake,Multifamily MR (5-9),Mid-Rise Multifamily,186870,6,46.5,95.19999695,7539963.5,3594445.0,3945518.0,0.0,234.6,1.26,86.0,3,"PropertyGFATotal, NaturalGas(kBtu), TotalGHGEmissions"
Mary's Place (PI Bank),Nonresidential COS,Other,25557,4,89.19999695,280.2000122,2280352.5,2280352.0,0.0,0.0,15.9,0.62,,1,SourceEUI(kBtu/sf)
HLF FFD VMG (A),Nonresidential COS,Other,26994,2,114.0,187.8999939,3076813.25,881662.0,2195151.0,0.0,122.73,4.55,,2,"SiteEUI(kBtu/sf), GHGEmissionsIntensity"
"Four Freedoms House of Seattle, Inc.",Multifamily MR (5-9),Mid-Rise Multifamily,240192,7,79.90000153,134.3000031,13171370.0,3981142.0,9190227.0,0.0,515.85,2.15,44.0,4,"PropertyGFATotal, SiteEnergyUse(kBtu), NaturalGas(kBtu), TotalGHGEmissions"
Fitness International North Seattle,NonResidential,Other,45000,2,131.3999939,276.1000061,5912066.0,2973668.0,2938397.0,0.0,176.79,3.93,,3,"SiteEUI(kBtu/sf), SourceEUI(kBtu/sf), GHGEmissionsIntensity"
New Haven at Bitter Lake,Multifamily MR (5-9),Mid-Rise Multifamily,262316,7,37.40000153,92.30000305,7996408.5,5434634.0,2561773.0,0.0,173.94,0.66,95.0,1,PropertyGFATotal
Queen Anne Healthcare,NonResidential,Senior Care Community,46539,2,116.0,225.3999939,5400049.5,2306556.0,3093493.0,0.0,180.38,3.88,73.0,3,"SiteEUI(kBtu/sf), NaturalGas(kBtu), GHGEmissionsIntensity"
Harrison Square,Multifamily MR (5-9),Mid-Rise Multifamily,228675,9,32.20000076,82.0,5238940.5,3763285.0,1475655.0,0.0,104.61,0.46,94.0,1,PropertyGFATotal
Salvation Army NW Div. HQ,NonResidential,Small- and Mid-Sized Office,85963,5,84.69999695,265.8999939,4480961.0,4480960.0,0.0,0.0,31.24,0.36,43.0,1,SourceEUI(kBtu/sf)
Plymouth Congregational Church,NonResidential,Worship Facility,75058,3,74.40000153,107.5999985,5587347.0,1057107.0,4530240.0,0.0,247.97,3.3,24.0,3,"NaturalGas(kBtu), TotalGHGEmissions, GHGEmissionsIntensity"
(ID21314) SIXTH & PINE BUILDING,Multifamily HR (10+),High-Rise Multifamily,67560,10,49.09999847,132.3999939,3318151.5,2612161.0,705990.0,0.0,55.71,0.82,85.0,1,NumberofFloors
Coliseum,NonResidential,Retail Store,36504,1,129.6999969,390.1000061,2100982.75,1968493.0,132489.0,0.0,20.76,0.57,2.0,2,"SiteEUI(kBtu/sf), SourceEUI(kBtu/sf)"
Westlake Place,NonResidential,Small- and Mid-Sized Office,35200,6,85.19999695,267.5,2998208.25,2998208.0,0.0,0.0,20.9,0.59,8.0,1,SourceEUI(kBtu/sf)
Fourth and Union,NonResidential,Small- and Mid-Sized Office,30525,4,132.8000031,349.0,2883139.0,2121106.0,0.0,762032.8125,73.61,2.41,17.0,3,"SiteEUI(kBtu/sf), SourceEUI(kBtu/sf), SteamUse(kBtu)"
Seattle First Hill,NonResidential,Other,49243,4,162.1000061,472.5,8476183.0,7560588.0,915594.0,0.0,101.34,2.06,,4,"SiteEUI(kBtu/sf), SourceEUI(kBtu/sf), Electricity(kWh), Electricity(kBtu)"
TEN TWENTY,Multifamily MR (5-9),Mid-Rise Multifamily,39895,5,108.5999985,148.6999969,3472834.0,530250.0,2942584.0,0.0,159.98,4.01,26.0,1,GHGEmissionsIntensity
Panorama,Multifamily HR (10+),High-Rise Multifamily,250883,18,43.59999847,64.09999847,10939331.0,2195224.0,8744107.0,0.0,479.7,1.91,93.0,5,"PropertyGFATotal, NumberofFloors, SiteEnergyUse(kBtu), NaturalGas(kBtu), TotalGHGEmissions"
University Club,NonResidential,Other,20411,3,98.69999695,183.0,2014475.875,774943.0,1239533.0,0.0,71.23,3.49,,1,GHGEmissionsIntensity
SUMMIT AT FIRST HILL (ID#21344),Multifamily HR (10+),High-Rise Multifamily,207022,13,123.5,223.6999969,19526080.0,7107388.0,12418691.0,0.0,709.11,3.43,1.0,9,"PropertyGFATotal, NumberofFloors, SiteEUI(kBtu/sf), SiteEnergyUse(kBtu), Electricity(kWh), Electricity(kBtu), NaturalGas(kBtu), TotalGHGEmissions, GHGEmissionsIntensity"
Swedish Alcoa Building,NonResidential,Medical Office,30855,2,136.6000061,292.3999939,2946756.25,1537788.0,1408968.0,0.0,85.55,2.77,2.0,2,"SiteEUI(kBtu/sf), SourceEUI(kBtu/sf)"
Pacific Northwest Research,NonResidential,Other,45780,5,236.6999969,509.0,10834087.0,5305454.0,55262.0,5473370.5,462.4,10.1,,6,"SiteEUI(kBtu/sf), SourceEUI(kBtu/sf), SiteEnergyUse(kBtu), SteamUse(kBtu), TotalGHGEmissions, GHGEmissionsIntensity"
Town Hall Seattle,NonResidential,Other,38038,3,29.5,57.5,1107290.625,425243.0,0.0,682047.625,55.61,1.46,,1,SteamUse(kBtu)
First Presbyterian Church of Seattle,NonResidential,Worship Facility,37796,3,46.5,87.69999695,2465983.5,883838.0,202628.0,1379517.75,123.41,3.27,55.0,2,"SteamUse(kBtu), GHGEmissionsIntensity"
The OT8,Multifamily HR (10+),High-Rise Multifamily,333244,14,45.79999924,106.0,11737324.0,7108743.0,4628580.0,0.0,295.38,0.89,71.0,7,"PropertyGFATotal, NumberofFloors, SiteEnergyUse(kBtu), Electricity(kWh), Electricity(kBtu), NaturalGas(kBtu), TotalGHGEmissions"
JOHN ALDEN,Multifamily LR (1-4),Low-Rise Multifamily,58503,4,64.19999695,89.80000305,3758731.0,624128.0,3134603.0,0.0,170.83,2.92,67.0,1,NaturalGas(kBtu)
System Operations Center,Nonresidential COS,Small- and Mid-Sized Office,27744,1,193.0,606.2000122,5355753.0,5355752.0,0.0,0.0,37.34,1.35,,2,"SiteEUI(kBtu/sf), SourceEUI(kBtu/sf)"
Interurban Exchange IV/V & Van Vorst - SEDO,NonResidential,Large Office,508160,5,82.09999847,219.1000061,28053172.0,21725258.0,6327910.0,0.0,487.53,0.96,77.0,6,"PropertyGFATotal, SiteEnergyUse(kBtu), Electricity(kWh), Electricity(kBtu), NaturalGas(kBtu), TotalGHGEmissions"
Fairview,NonResidential,Small- and Mid-Sized Office,37740,1,198.6000061,597.4000244,7442314.5,6974197.0,468117.0,0.0,73.48,1.95,1.0,4,"SiteEUI(kBtu/sf), SourceEUI(kBtu/sf), Electricity(kWh), Electricity(kBtu)"
Northwest Rooms,Nonresidential COS,Other,26000,1,105.9000015,250.8999939,5277482.5,3179693.0,0.0,2097789.75,184.09,7.08,,3,"SourceEUI(kBtu/sf), SteamUse(kBtu), GHGEmissionsIntensity"
Pacific Science Center,NonResidential,Other,155795,1,113.4000015,317.6000061,17673018.0,14798552.0,2874465.0,0.0,255.83,1.64,,6,"SiteEUI(kBtu/sf), SourceEUI(kBtu/sf), SiteEnergyUse(kBtu), Electricity(kWh), Electricity(kBtu), TotalGHGEmissions"
Fisher Pavilion,Nonresidential COS,Other,21018,1,83.80000305,246.8999939,1761137.5,1585357.0,0.0,175780.0,24.62,1.17,,1,SteamUse(kBtu)
Chihuly Garden and Glass,Nonresidential COS,Other,30533,1,206.1999969,408.5,5903015.0,2630916.0,3272098.0,0.0,192.12,6.29,,4,"SiteEUI(kBtu/sf), SourceEUI(kBtu/sf), NaturalGas(kBtu), GHGEmissionsIntensity"
space needle,NonResidential,Other,33971,2,353.7000122,747.7000122,17686444.0,9002735.0,8683709.0,0.0,523.95,15.42,,8,"SiteEUI(kBtu/sf), SourceEUI(kBtu/sf), SiteEnergyUse(kBtu), Electricity(kWh), Electricity(kBtu), NaturalGas(kBtu), TotalGHGEmissions, GHGEmissionsIntensity"
Seattle Children's Theatre,Nonresidential COS,Other,40600,2,56.40000153,174.6000061,2485521.0,1509514.0,374537.0,137900.0,41.06,1.01,,1,SteamUse(kBtu)
219 Terry Building,NonResidential,Small- and Mid-Sized Office,41466,3,227.5,523.7000122,9190442.0,5506689.0,3683752.0,0.0,234.03,5.64,1.0,6,"SiteEUI(kBtu/sf), SourceEUI(kBtu/sf), SiteEnergyUse(kBtu), NaturalGas(kBtu), TotalGHGEmissions, GHGEmissionsIntensity"
202 Westlake,NonResidential,Large Office,130710,6,56.79999924,166.3000031,7429423.0,6677063.0,752359.0,0.0,86.51,0.66,92.0,2,"Electricity(kWh), Electricity(kBtu)"
Expo,Multifamily MR (5-9),Mid-Rise Multifamily,301831,7,32.79999924,59.90000153,6716839.0,2492132.0,4224707.0,0.0,241.75,0.8,100.0,3,"PropertyGFATotal, NaturalGas(kBtu), TotalGHGEmissions"
Phelps Center,Nonresidential COS,Other,49680,1,57.29999924,119.5,2844685.0,1310105.0,0.0,1427730.0,119.34,2.4,,1,SteamUse(kBtu)
Playhouse,Nonresidential COS,Other,36314,1,50.5,117.5999985,1832808.75,1110431.0,391578.0,204650.0,44.33,1.22,,1,SteamUse(kBtu)
Doyle Building,NonResidential,Small- and Mid-Sized Office,47686,4,60.90000153,140.1999969,2071670.25,1173976.0,0.0,897694.0,77.48,1.62,72.0,1,SteamUse(kBtu)
Harbor Steps,Multifamily HR (10+),High-Rise Multifamily,1256335,28,49.40000153,117.0999985,47952868.0,30306111.0,17646755.0,0.0,1148.5,0.91,42.0,7,"PropertyGFATotal, NumberofFloors, SiteEnergyUse(kBtu), Electricity(kWh), Electricity(kBtu), NaturalGas(kBtu), TotalGHGEmissions"
Economy Market,Campus,Mixed Use Property,49280,2,110.3000031,290.8999939,5437110.5,4128496.0,1308614.0,0.0,98.28,1.99,,2,"SiteEUI(kBtu/sf), SourceEUI(kBtu/sf)"
Marketside Flats_Complete,Multifamily LR (1-4),Low-Rise Multifamily,31578,4,59.70000076,103.5,2018011.875,614763.0,772026.0,631223.0,94.01,2.98,17.0,1,SteamUse(kBtu)
Sanitary Market,Campus,Low-Rise Multifamily,45500,4,85.19999695,267.5,3778355.0,3778355.0,0.0,0.0,26.34,0.58,,1,SourceEUI(kBtu/sf)
Corner Market,Campus,Restaurant,25380,2,271.8999939,549.2000122,6901554.0,3202277.0,3699277.0,0.0,218.79,8.62,,4,"SiteEUI(kBtu/sf), SourceEUI(kBtu/sf), NaturalGas(kBtu), GHGEmissionsIntensity"
Exeter House,Multifamily LR (1-4),Low-Rise Multifamily,164120,1,45.79999924,90.5,7559797.0,3075806.0,803387.0,3680604.0,348.21,2.12,4.0,2,"SteamUse(kBtu), TotalGHGEmissions"
Atwood Apartments,Multifamily MR (5-9),Mid-Rise Multifamily,51578,6,46.70000076,85.59999847,2406996.75,836647.0,677700.0,892649.3125,110.73,2.15,65.0,1,SteamUse(kBtu)
Soames Dunn Building,NonResidential,Mixed Use Property,34617,1,148.3999939,325.2000122,5136604.5,2805989.0,2330615.0,0.0,143.34,4.14,,3,"SiteEUI(kBtu/sf), SourceEUI(kBtu/sf), GHGEmissionsIntensity"
Bell Tower,Multifamily HR (10+),High-Rise Multifamily,95700,16,46.40000153,119.4000015,3730953.5,2723268.0,1007685.0,0.0,72.5,0.76,66.0,1,NumberofFloors
RDM Building,NonResidential,Small- and Mid-Sized Office,50499,3,86.69999695,272.2000122,3205182.5,3202764.0,2418.0,0.0,22.46,0.44,13.0,1,SourceEUI(kBtu/sf)
ST NICHOLAS SCHOOL,NonResidential,K-12 School,45960,2,90.69999695,133.1999969,4167253.75,834638.0,3332616.0,0.0,182.81,3.98,56.0,2,"NaturalGas(kBtu), GHGEmissionsIntensity"
Taylor 28,Multifamily MR (5-9),Mid-Rise Multifamily,191832,6,22.20000076,33.59999847,4519997.0,1009759.0,3510238.0,0.0,193.47,1.01,96.0,2,"PropertyGFATotal, NaturalGas(kBtu)"
Hyatt Place,NonResidential,Mixed Use Property,274442,4,54.20000076,128.1999969,9155568.0,5764988.0,3390579.0,0.0,220.26,0.8,,2,"PropertyGFATotal, NaturalGas(kBtu)"
410 W. Harrison,NonResidential,Laboratory,34416,2,349.1000061,650.5,12015936.0,4675400.0,7340535.0,0.0,422.45,12.27,,6,"SiteEUI(kBtu/sf), SourceEUI(kBtu/sf), SiteEnergyUse(kBtu), NaturalGas(kBtu), TotalGHGEmissions, GHGEmissionsIntensity"
Seattle Chinese Baptist Church,NonResidential,Worship Facility,21948,99,14.89999962,46.59999847,326001.1875,326001.0,0.0,0.0,2.27,0.1,80.0,1,NumberofFloors
Broadmoor Golf Club,NonResidential,Other,31191,3,188.3999939,407.1000061,5876439.0,3123654.0,2752785.0,0.0,167.98,5.39,,3,"SiteEUI(kBtu/sf), SourceEUI(kBtu/sf), GHGEmissionsIntensity"
The Century,Multifamily HR (10+),High-Rise Multifamily,336003,10,29.79999924,68.30000305,10126597.0,6013267.0,4113330.0,0.0,260.38,0.77,92.0,5,"PropertyGFATotal, NumberofFloors, SiteEnergyUse(kBtu), NaturalGas(kBtu), TotalGHGEmissions"
223 Taylor Avenue North,NonResidential,Small- and Mid-Sized Office,43183,2,194.6000061,562.4000244,7408342.0,6523873.0,884468.0,0.0,92.45,2.14,,4,"SiteEUI(kBtu/sf), SourceEUI(kBtu/sf), Electricity(kWh), Electricity(kBtu)"
Alcyone,Multifamily MR (5-9),Mid-Rise Multifamily,201197,8,30.89999962,76.0,4628171.0,3115920.0,1512251.0,0.0,102.04,0.51,98.0,1,PropertyGFATotal
AMLI 535,Multifamily MR (5-9),Mid-Rise Multifamily,261980,7,33.29999924,71.40000153,6962255.0,3651030.0,3311225.0,0.0,201.31,0.77,94.0,2,"PropertyGFATotal, NaturalGas(kBtu)"
Mirabella Seattle,NonResidential,Senior Care Community,724148,14,52.09999847,122.9000015,37797084.0,23718388.0,14078694.0,0.0,913.07,1.26,8.0,7,"PropertyGFATotal, NumberofFloors, SiteEnergyUse(kBtu), Electricity(kWh), Electricity(kBtu), NaturalGas(kBtu), TotalGHGEmissions"
Fairway Estates,Multifamily MR (5-9),Mid-Rise Multifamily,143539,7,60.09999847,124.0999985,6769769.0,3290805.0,3478964.0,0.0,207.71,1.45,42.0,1,NaturalGas(kBtu)
Fifteen Twenty-One,Multifamily HR (10+),High-Rise Multifamily,330693,38,62.90000153,125.3000031,20781390.0,9366270.0,11415119.0,0.0,671.55,2.03,47.0,7,"PropertyGFATotal, NumberofFloors, SiteEnergyUse(kBtu), Electricity(kWh), Electricity(kBtu), NaturalGas(kBtu), TotalGHGEmissions"
5th and Madison Condominiums,Multifamily HR (10+),High-Rise Multifamily,170000,42,48.20000076,106.3000031,8188381.0,4534702.0,3653679.0,0.0,225.66,1.33,21.0,3,"NumberofFloors, NaturalGas(kBtu), TotalGHGEmissions"
AM Building,NonResidential,Other,26660,1,84.09999847,264.0,2241280.5,2241280.0,0.0,0.0,15.62,0.59,,1,SourceEUI(kBtu/sf)
GRIFFIS BELLTOWN APARTMENTS,Multifamily MR (5-9),Mid-Rise Multifamily,320651,5,33.90000153,94.19999695,7286313.5,6014727.0,1271586.0,0.0,109.46,0.34,50.0,1,PropertyGFATotal
53236 - Equinox Apartments,Multifamily MR (5-9),Mid-Rise Multifamily,322771,8,43.20000076,95.09999847,8669367.0,4769216.0,3900151.0,0.0,240.39,0.74,89.0,3,"PropertyGFATotal, NaturalGas(kBtu), TotalGHGEmissions"
Escala,Multifamily HR (10+),High-Rise Multifamily,480789,31,33.5,77.0,19897354.0,11864017.0,8033336.0,0.0,509.36,1.06,86.0,7,"PropertyGFATotal, NumberofFloors, SiteEnergyUse(kBtu), Electricity(kWh), Electricity(kBtu), NaturalGas(kBtu), TotalGHGEmissions"
HEALTH AND REHAB OF NORTH SEATTLE,NonResidential,Senior Care Community,51298,2,110.1999969,201.1000061,5655578.0,2094607.0,3560971.0,0.0,203.73,3.97,85.0,3,"SiteEUI(kBtu/sf), NaturalGas(kBtu), GHGEmissionsIntensity"
Ida Culver House Broadview,Multifamily HR (10+),High-Rise Multifamily,284970,10,46.09999847,75.5,11828824.0,3324006.0,8504818.0,0.0,474.86,1.67,77.0,5,"PropertyGFATotal, NumberofFloors, SiteEnergyUse(kBtu), NaturalGas(kBtu), TotalGHGEmissions"
South Park,NonResidential,Warehouse,31600,1,106.4000015,219.8000031,3363535.5,1633306.0,1730229.0,0.0,103.28,3.27,3.0,1,GHGEmissionsIntensity
Northgate Exec Center A,NonResidential,Small- and Mid-Sized Office,39927,3,90.19999695,283.3999939,3568419.5,3568419.0,0.0,0.0,24.88,0.62,38.0,1,SourceEUI(kBtu/sf)
Seattle Athletic Club,NonResidential,Other,30610,1,140.3000031,283.8999939,4294550.0,1999987.0,2294563.0,0.0,135.81,4.44,,3,"SiteEUI(kBtu/sf), SourceEUI(kBtu/sf), GHGEmissionsIntensity"
Safeway 0488 - 45th St,NonResidential,Supermarket / Grocery Store,33005,1,304.2000122,759.2000122,10642754.0,7359683.0,3283070.0,0.0,225.67,6.84,21.0,8,"SiteEUI(kBtu/sf), SourceEUI(kBtu/sf), SiteEnergyUse(kBtu), Electricity(kWh), Electricity(kBtu), NaturalGas(kBtu), TotalGHGEmissions, GHGEmissionsIntensity"
Ellington,Multifamily HR (10+),High-Rise Multifamily,264239,12,55.09999847,127.0,11258880.0,6769491.0,4489389.0,0.0,285.62,1.08,33.0,7,"PropertyGFATotal, NumberofFloors, SiteEnergyUse(kBtu), Electricity(kWh), Electricity(kBtu), NaturalGas(kBtu), TotalGHGEmissions"
First Hill Plaza Condominium,Multifamily HR (10+),High-Rise Multifamily,231352,33,58.90000153,130.6999969,13631685.0,7616911.0,6014773.0,0.0,372.55,1.61,11.0,7,"PropertyGFATotal, NumberofFloors, SiteEnergyUse(kBtu), Electricity(kWh), Electricity(kBtu), NaturalGas(kBtu), TotalGHGEmissions"
507 Northgate,Multifamily MR (5-9),Mixed Use Property,614114,5,64.19999695,175.8999939,10992344.0,8898784.0,2093559.0,0.0,173.23,0.28,,4,"PropertyGFATotal, SiteEnergyUse(kBtu), Electricity(kWh), Electricity(kBtu)"
Elektra Condo HOA,Multifamily HR (10+),High-Rise Multifamily,151680,16,67.30000305,106.1999969,10213132.0,2577298.0,7635833.0,0.0,423.51,2.79,40.0,4,"NumberofFloors, SiteEnergyUse(kBtu), NaturalGas(kBtu), TotalGHGEmissions"
801 Dexter-True North,Multifamily MR (5-9),Mid-Rise Multifamily,305537,6,38.90000153,81.5,9360612.0,4674393.0,4686218.0,0.0,281.47,0.92,96.0,4,"PropertyGFATotal, SiteEnergyUse(kBtu), NaturalGas(kBtu), TotalGHGEmissions"
Neptune (8633),Multifamily MR (5-9),Mid-Rise Multifamily,373664,6,41.20000076,67.19999695,7450969.0,2072254.0,5378714.0,0.0,300.11,0.8,94.0,3,"PropertyGFATotal, NaturalGas(kBtu), TotalGHGEmissions"
Rianna I & II,Multifamily LR (1-4),Low-Rise Multifamily,209575,4,39.70000076,121.5999985,5950438.5,5721599.0,228839.0,0.0,52.04,0.25,29.0,1,PropertyGFATotal
Entire Campus,Campus,University,2200000,2,66.69999695,145.0,114648520.0,61672821.0,52975694.0,0.0,3243.48,1.47,,6,"PropertyGFATotal, SiteEnergyUse(kBtu), Electricity(kWh), Electricity(kBtu), NaturalGas(kBtu), TotalGHGEmissions"
Gainsborough Condominium,Multifamily HR (10+),High-Rise Multifamily,90000,14,48.59999847,73.80000305,4369513.5,984344.0,3385170.0,0.0,186.65,2.07,87.0,2,"NumberofFloors, NaturalGas(kBtu)"
Gallery Belltown Condominium,Multifamily HR (10+),High-Rise Multifamily,224105,13,39.5,97.09999847,7945081.0,5346828.0,2598252.0,0.0,175.27,0.78,,2,"PropertyGFATotal, NumberofFloors"
Garden Court,Multifamily LR (1-4),Low-Rise Multifamily,58608,4,72.0,100.0,4220038.0,682633.0,3537405.0,0.0,192.63,3.29,72.0,2,"NaturalGas(kBtu), GHGEmissionsIntensity"
King Plaza 7101,NonResidential,Retail Store,38845,2,178.1000061,364.0,6917280.0,3290526.0,3626753.0,0.0,215.56,5.55,82.0,4,"SiteEUI(kBtu/sf), SourceEUI(kBtu/sf), NaturalGas(kBtu), GHGEmissionsIntensity"
Safeway 0219 - Othello St,NonResidential,Supermarket / Grocery Store,26092,1,293.7000122,711.5,7619445.0,5004995.0,2614450.0,0.0,173.75,6.66,40.0,3,"SiteEUI(kBtu/sf), SourceEUI(kBtu/sf), GHGEmissionsIntensity"
BALLARD MARKET (ID22230),NonResidential,Supermarket / Grocery Store,29214,1,319.6000061,781.0999756,9336239.0,6227281.0,3108958.0,0.0,208.53,7.14,8.0,7,"SiteEUI(kBtu/sf), SourceEUI(kBtu/sf), SiteEnergyUse(kBtu), Electricity(kWh), Electricity(kBtu), NaturalGas(kBtu), GHGEmissionsIntensity"
Safeway 1477 - Market St,NonResidential,Supermarket / Grocery Store,89103,1,298.2999878,660.2000122,14029480.0,7808020.0,6221459.0,0.0,384.85,4.32,34.0,8,"SiteEUI(kBtu/sf), SourceEUI(kBtu/sf), SiteEnergyUse(kBtu), Electricity(kWh), Electricity(kBtu), NaturalGas(kBtu), TotalGHGEmissions, GHGEmissionsIntensity"
LAUREN MAY,Multifamily LR (1-4),Low-Rise Multifamily,24828,4,87.0,113.1999969,2159932.0,259645.0,1900287.0,0.0,102.73,4.14,28.0,1,GHGEmissionsIntensity
On the Park Apartments,Multifamily MR (5-9),Mid-Rise Multifamily,447755,8,55.20000076,151.8999939,18011944.0,14681945.0,3329998.0,0.0,279.21,0.62,67.0,6,"PropertyGFATotal, SiteEnergyUse(kBtu), Electricity(kWh), Electricity(kBtu), NaturalGas(kBtu), TotalGHGEmissions"
Leva on Market,Multifamily MR (5-9),Mid-Rise Multifamily,243928,8,29.39999962,45.90000153,6914839.5,1684068.0,2861895.0,0.0,163.74,0.67,88.0,1,PropertyGFATotal
Florentine,Multifamily MR (5-9),Mid-Rise Multifamily,201656,6,24.20000076,76.09999847,4059424.75,4059424.0,0.0,0.0,28.3,0.14,75.0,1,PropertyGFATotal
420 Melrose,Multifamily HR (10+),High-Rise Multifamily,31152,10,45.09999847,134.6000061,1170864.125,1084475.0,86389.0,0.0,12.15,0.39,34.0,1,NumberofFloors
SUNSET,NonResidential,Other,30087,2,172.6000061,542.0999756,5274642.0,5274641.0,0.0,0.0,36.77,1.22,,2,"SiteEUI(kBtu/sf), SourceEUI(kBtu/sf)"
70500811 -- Interbay,NonResidential,Supermarket / Grocery Store,25842,1,327.7999878,718.7000122,8518313.0,4656997.0,3861316.0,0.0,237.54,9.19,35.0,5,"SiteEUI(kBtu/sf), SourceEUI(kBtu/sf), NaturalGas(kBtu), TotalGHGEmissions, GHGEmissionsIntensity"
Ballard Landmark (ID22670),Multifamily MR (5-9),Mid-Rise Multifamily,197368,6,53.90000153,134.5,8287440.5,5740245.0,2547195.0,0.0,175.3,0.89,28.0,1,PropertyGFATotal
Olympic Athletic Club,NonResidential,Other,45750,3,169.0,262.7999878,7240274.0,1749609.0,5490664.0,0.0,303.81,6.64,,5,"SiteEUI(kBtu/sf), SourceEUI(kBtu/sf), NaturalGas(kBtu), TotalGHGEmissions, GHGEmissionsIntensity"
Meadowbrook Community Center/Pool,Nonresidential COS,Other,29258,2,233.5,402.5,8086943.5,2608582.0,5478361.0,0.0,309.14,10.57,,5,"SiteEUI(kBtu/sf), SourceEUI(kBtu/sf), NaturalGas(kBtu), TotalGHGEmissions, GHGEmissionsIntensity"
University Child Development School,NonResidential,K-12 School,31343,2,74.69999695,144.8999939,3846501.25,1639135.0,2207366.0,0.0,128.66,4.1,5.0,1,GHGEmissionsIntensity
Grandview Condominiums,Multifamily HR (10+),High-Rise Multifamily,117069,27,34.90000153,108.5999985,5952875.0,5863982.0,88892.0,0.0,45.6,0.39,,1,NumberofFloors
Max Performance,NonResidential,Other,20294,2,85.5,145.1000061,1735995.75,536408.0,1199588.0,0.0,67.45,3.32,,1,GHGEmissionsIntensity
Seattle Asian Art Museum,Nonresidential COS,Other,33087,1,66.0,125.4000015,3548858.25,1443141.0,2105717.0,0.0,121.9,3.68,,1,GHGEmissionsIntensity
Northgate Apartments,Multifamily LR (1-4),Low-Rise Multifamily,143498,2,51.59999847,59.79999924,7405070.0,384079.0,7020991.0,0.0,375.56,2.62,99.0,2,"NaturalGas(kBtu), TotalGHGEmissions"
Galleria Apartment Homes,Multifamily LR (1-4),Low-Rise Multifamily,227233,4,22.0,69.0,5176196.5,5176196.0,0.0,0.0,36.09,0.16,84.0,1,PropertyGFATotal
The Overlook at Westridge,Multifamily LR (1-4),Low-Rise Multifamily,298714,3,32.5,100.0,4746244.5,4605827.0,140416.0,0.0,39.57,0.13,61.0,1,PropertyGFATotal
Evergreen Washelli,NonResidential,Other,23166,1,150.0,157.5,3475804.25,3.0,3475801.0,0.0,184.6,7.97,,3,"SiteEUI(kBtu/sf), NaturalGas(kBtu), GHGEmissionsIntensity"
Main Hospital - All Wings,NonResidential,Hospital,415632,1,204.6999969,400.2000122,98960776.0,42864158.0,56096612.0,0.0,3278.11,7.89,85.0,9,"PropertyGFATotal, SiteEUI(kBtu/sf), SourceEUI(kBtu/sf), SiteEnergyUse(kBtu), Electricity(kWh), Electricity(kBtu), NaturalGas(kBtu), TotalGHGEmissions, GHGEmissionsIntensity"
Prince of Wales,Multifamily LR (1-4),Low-Rise Multifamily,22059,3,79.19999695,112.9000015,1747034.0,314076.0,1432958.0,0.0,78.29,3.55,57.0,1,GHGEmissionsIntensity
Red Apple Market,NonResidential,Supermarket / Grocery Store,21603,1,270.0,660.9000244,5833800.0,3900058.0,1933742.0,0.0,129.89,6.01,16.0,3,"SiteEUI(kBtu/sf), SourceEUI(kBtu/sf), GHGEmissionsIntensity"
Harbor House On QA Condominium,Multifamily HR (10+),High-Rise Multifamily,65538,11,38.0,116.0999985,2493240.25,2386917.0,106323.0,0.0,22.29,0.34,32.0,1,NumberofFloors
Harbour Heights,Multifamily HR (10+),High-Rise Multifamily,125258,18,39.70000076,93.30000305,4826430.0,3002811.0,1823618.0,0.0,117.79,0.94,67.0,1,NumberofFloors
Central Campus,NonResidential,Medical Office,591981,3,173.3999939,351.6000061,102673696.0,48002292.0,54671394.0,0.0,3238.24,5.47,60.0,9,"PropertyGFATotal, SiteEUI(kBtu/sf), SourceEUI(kBtu/sf), SiteEnergyUse(kBtu), Electricity(kWh), Electricity(kBtu), NaturalGas(kBtu), TotalGHGEmissions, GHGEmissionsIntensity"
(ID23120) WASTE MANAGEMENT,NonResidential,Other,26232,1,118.0,195.6999969,3094090.0,902081.0,2192009.0,0.0,122.71,4.68,,2,"SiteEUI(kBtu/sf), GHGEmissionsIntensity"
Arrowhead Gardens Apartments,Multifamily MR (5-9),Mid-Rise Multifamily,435501,6,35.70000076,86.19999695,13223740.0,8610133.0,4613607.0,0.0,305.05,0.7,94.0,6,"PropertyGFATotal, SiteEnergyUse(kBtu), Electricity(kWh), Electricity(kBtu), NaturalGas(kBtu), TotalGHGEmissions"
Taylor Anne Condominium,Multifamily LR (1-4),Mid-Rise Multifamily,30569,5,221.0,684.2999878,6834431.0,6691197.0,143233.0,0.0,54.25,1.77,1.0,4,"SiteEUI(kBtu/sf), SourceEUI(kBtu/sf), Electricity(kWh), Electricity(kBtu)"
Safeway 1143 - 15th Ave,NonResidential,Supermarket / Grocery Store,45522,1,269.1000061,604.9000244,12250422.0,7019711.0,5230709.0,0.0,326.74,7.18,22.0,8,"SiteEUI(kBtu/sf), SourceEUI(kBtu/sf), SiteEnergyUse(kBtu), Electricity(kWh), Electricity(kBtu), NaturalGas(kBtu), TotalGHGEmissions, GHGEmissionsIntensity"
Jefferson Terrace,Multifamily HR (10+),High-Rise Multifamily,212938,17,50.59999847,100.4000015,10769230.0,4820370.0,5948859.0,0.0,349.55,1.64,81.0,5,"PropertyGFATotal, NumberofFloors, SiteEnergyUse(kBtu), NaturalGas(kBtu), TotalGHGEmissions"
Skyline at First Hill,Multifamily HR (10+),High-Rise Multifamily,629615,26,41.20000076,101.6999969,25970248.0,17592132.0,8378113.0,0.0,567.6,0.9,15.0,7,"PropertyGFATotal, NumberofFloors, SiteEnergyUse(kBtu), Electricity(kWh), Electricity(kBtu), NaturalGas(kBtu), TotalGHGEmissions"
CLARWOOD,Multifamily LR (1-4),Low-Rise Multifamily,24900,4,75.19999695,103.8000031,1872278.625,295975.0,1576304.0,0.0,85.78,3.44,68.0,1,GHGEmissionsIntensity
Envoy,Multifamily LR (1-4),Low-Rise Multifamily,25380,4,78.40000153,96.90000153,1988760.875,178173.0,1810588.0,0.0,97.4,3.84,79.0,1,GHGEmissionsIntensity
M-Street,Multifamily HR (10+),High-Rise Multifamily,332781,17,77.90000153,207.6000061,13491170.0,10429413.0,3061756.0,0.0,235.32,0.71,1.0,7,"PropertyGFATotal, NumberofFloors, SiteEnergyUse(kBtu), Electricity(kWh), Electricity(kBtu), NaturalGas(kBtu), TotalGHGEmissions"
St. James Cathedral & Rectory,NonResidential,Residence Hall,44086,1,82.80000305,151.3999939,3652708.75,1218944.0,513291.0,1920474.25,184.0,4.17,29.0,2,"SteamUse(kBtu), GHGEmissionsIntensity"
Hilltop House,Multifamily HR (10+),High-Rise Multifamily,92183,11,55.40000153,105.1999969,5104947.0,1849153.0,183955.0,3071838.5,259.77,2.82,49.0,3,"NumberofFloors, SteamUse(kBtu), TotalGHGEmissions"
Charles & Emma Frye Free Public Art Museum,NonResidential,Other,47699,1,309.0,609.7000122,14524386.0,5782654.0,111350.0,8630381.0,712.39,14.94,,6,"SiteEUI(kBtu/sf), SourceEUI(kBtu/sf), SiteEnergyUse(kBtu), SteamUse(kBtu), TotalGHGEmissions, GHGEmissionsIntensity"
HART First Hill LLC,NonResidential,Medical Office,274568,0,111.0,235.5,25311526.0,12015275.0,0.0,13296249.0,1110.07,4.04,52.0,8,"PropertyGFATotal, SiteEUI(kBtu/sf), SiteEnergyUse(kBtu), Electricity(kWh), Electricity(kBtu), SteamUse(kBtu), TotalGHGEmissions, GHGEmissionsIntensity"
Swedish Invex Building,NonResidential,Small- and Mid-Sized Office,21282,3,63.40000153,123.9000015,1245923.75,483381.0,0.0,762542.3125,62.23,2.92,69.0,1,SteamUse(kBtu)
Kelleher House,Multifamily HR (10+),High-Rise Multifamily,76855,17,42.40000153,133.3000031,2718223.0,2718223.0,0.0,0.0,18.95,0.25,10.0,1,NumberofFloors
PARKWAY,NonResidential,Other,41022,2,92.30000305,289.8999939,3787648.25,3787648.0,0.0,0.0,26.41,0.64,,1,SourceEUI(kBtu/sf)
Fraser Marine Building,NonResidential,Other,28109,2,128.5,382.2999878,3612526.75,3326281.0,286245.0,0.0,38.39,1.37,,2,"SiteEUI(kBtu/sf), SourceEUI(kBtu/sf)"
Seaboard Building,NonResidential,Mixed Use Property,111137,11,96.40000153,198.3000031,9546165.0,4602455.0,4943709.0,0.0,294.65,2.65,,4,"NumberofFloors, SiteEnergyUse(kBtu), NaturalGas(kBtu), TotalGHGEmissions"
Seattle Heights Condominiums,Multifamily HR (10+),High-Rise Multifamily,260685,25,45.29999924,106.3000031,14361382.0,8912398.0,5448982.0,0.0,351.53,1.35,,7,"PropertyGFATotal, NumberofFloors, SiteEnergyUse(kBtu), Electricity(kWh), Electricity(kBtu), NaturalGas(kBtu), TotalGHGEmissions"
Swedish Cherry Building,NonResidential,Small- and Mid-Sized Office,25151,3,56.20000076,116.3000031,1356874.75,607890.0,0.0,748984.6875,62.05,2.47,85.0,1,SteamUse(kBtu)
Hotel - The Baroness Hotel,NonResidential,Hotel,35770,6,73.80000305,112.9000015,2640980.25,605147.0,2035833.0,0.0,112.34,3.14,56.0,1,GHGEmissionsIntensity
Asian Plaza 1,NonResidential,Mixed Use Property,29631,2,151.3000031,327.1000061,5144392.0,2737254.0,2407137.0,0.0,146.93,4.96,,3,"SiteEUI(kBtu/sf), SourceEUI(kBtu/sf), GHGEmissionsIntensity"
CSC Engineering (A),Nonresidential COS,Small- and Mid-Sized Office,21315,2,136.8999939,227.6999969,2796425.0,820533.0,1975892.0,0.0,110.66,5.19,34.0,2,"SiteEUI(kBtu/sf), GHGEmissionsIntensity"
1300 University,Multifamily HR (10+),High-Rise Multifamily,53290,11,32.0,100.4000015,1703504.875,1703505.0,0.0,0.0,11.88,0.22,83.0,1,NumberofFloors
The Queensborough Apartments,Multifamily MR (5-9),Mid-Rise Multifamily,129860,8,70.09999847,105.8000031,5838129.0,1283482.0,4554646.0,0.0,250.84,1.93,96.0,2,"NaturalGas(kBtu), TotalGHGEmissions"
Salty's Waterfront Seafood Grill,NonResidential,Restaurant,20398,2,456.6000061,835.7999878,9313513.0,3478554.0,5834959.0,0.0,334.15,16.38,,6,"SiteEUI(kBtu/sf), SourceEUI(kBtu/sf), SiteEnergyUse(kBtu), NaturalGas(kBtu), TotalGHGEmissions, GHGEmissionsIntensity"
Seaview Condominium Homeowners Association,Multifamily LR (1-4),Low-Rise Multifamily,36751,3,69.40000153,98.69999695,2552098.5,453261.0,2098838.0,0.0,114.63,3.12,33.0,1,GHGEmissionsIntensity
Viking Apartments,Multifamily LR (1-4),Low-Rise Multifamily,20688,3,72.19999695,98.80000305,1493131.75,227581.0,1265551.0,0.0,68.8,3.33,30.0,1,GHGEmissionsIntensity
Skyline House Apartments,Multifamily MR (5-9),Mid-Rise Multifamily,88422,6,58.70000076,91.59999847,4409881.5,1077071.0,3332810.0,0.0,184.51,2.09,86.0,1,NaturalGas(kBtu)
FT C15 Fishermen's Center,Campus,Other,260241,1,130.6999969,353.2000122,34012980.0,26894616.0,7118362.0,0.0,565.55,2.17,,8,"PropertyGFATotal, SiteEUI(kBtu/sf), SourceEUI(kBtu/sf), SiteEnergyUse(kBtu), Electricity(kWh), Electricity(kBtu), NaturalGas(kBtu), TotalGHGEmissions"
Shannon Condominium,Multifamily HR (10+),High-Rise Multifamily,97160,12,36.79999924,115.5,3971959.75,3971960.0,0.0,0.0,27.69,0.28,17.0,1,NumberofFloors
Fauntleroy School House,NonResidential,Other,49066,1,78.30000305,105.0999985,3835202.0,538005.0,3297197.0,0.0,178.86,3.65,,2,"NaturalGas(kBtu), GHGEmissionsIntensity"
Lake Washington Apartments(23714),Multifamily LR (1-4),Low-Rise Multifamily,332900,2,37.70000076,118.1999969,12549118.0,12525426.0,23690.0,0.0,88.58,0.27,32.0,4,"PropertyGFATotal, SiteEnergyUse(kBtu), Electricity(kWh), Electricity(kBtu)"
Domaine,Multifamily MR (5-9),Mid-Rise Multifamily,67796,6,101.3000031,258.0,3996541.5,2865189.0,1131352.0,0.0,80.06,1.18,4.0,1,SourceEUI(kBtu/sf)
University House Wallingford,Multifamily MR (5-9),Mid-Rise Multifamily,217146,5,47.40000153,120.6999969,7564643.0,5414306.0,2150337.0,0.0,151.95,0.7,31.0,1,PropertyGFATotal
Highlander Condominiums,Multifamily HR (10+),High-Rise Multifamily,66150,11,37.70000076,118.5,2496807.5,2496807.0,0.0,0.0,17.41,0.26,21.0,1,NumberofFloors
Kawabe Memorial House,Multifamily HR (10+),High-Rise Multifamily,97978,10,26.89999962,84.30000305,2630929.5,2630929.0,0.0,0.0,18.34,0.19,85.0,1,NumberofFloors
Legacy at Pratt Park,Multifamily MR (5-9),Mid-Rise Multifamily,371442,6,41.29999924,88.09999847,9977330.0,5180295.0,4797034.0,0.0,290.88,0.78,97.0,4,"PropertyGFATotal, SiteEnergyUse(kBtu), NaturalGas(kBtu), TotalGHGEmissions"
Pier 56,NonResidential,Mixed Use Property,71919,2,93.40000153,293.2000122,5381105.0,5381104.0,0.0,0.0,37.51,0.52,37.0,1,SourceEUI(kBtu/sf)
Pier 55,NonResidential,Small- and Mid-Sized Office,32027,2,124.9000015,249.8999939,3999505.25,1820615.0,2178890.0,0.0,128.41,4.01,54.0,3,"SiteEUI(kBtu/sf), SourceEUI(kBtu/sf), GHGEmissionsIntensity"
Chloe Apartments,Multifamily MR (5-9),Mid-Rise Multifamily,142586,7,42.29999924,67.40000153,4354499.0,1133513.0,3220986.0,0.0,178.97,1.26,,1,NaturalGas(kBtu)
Swedish Health Services,NonResidential,Medical Office,40304,3,97.59999847,306.2999878,1961581.5,1961581.0,0.0,0.0,13.67,0.34,5.0,1,SourceEUI(kBtu/sf)
98 Union Condos,Multifamily HR (10+),High-Rise Multifamily,154889,13,27.60000038,68.5,4268054.0,2929233.0,1338821.0,0.0,91.53,0.59,73.0,1,NumberofFloors
Courtland Place at Rainier Court,Multifamily MR (5-9),Mid-Rise Multifamily,193946,7,42.20000076,98.40000153,8819864.0,5406257.0,3413606.0,0.0,218.99,1.13,80.0,2,"PropertyGFATotal, NaturalGas(kBtu)"
Prologis Park Seattle 2,NonResidential,Warehouse,53550,1,85.69999695,148.5,4590246.5,1499028.0,3091218.0,0.0,174.62,3.26,11.0,2,"NaturalGas(kBtu), GHGEmissionsIntensity"
The Manhattan,Multifamily HR (10+),High-Rise Multifamily,38220,10,87.80000305,126.3000031,3356932.25,623335.0,2733597.0,0.0,149.53,3.91,40.0,2,"NumberofFloors, GHGEmissionsIntensity"
Phelps Tire Co,NonResidential,Warehouse,20724,1,88.40000153,123.4000015,1832031.5,303491.0,1528541.0,0.0,83.3,4.02,,1,GHGEmissionsIntensity
"MacDonald Meat Company, LLC",NonResidential,Other,24109,1,196.8999939,618.2999878,4747403.5,4747403.0,0.0,0.0,33.1,1.37,,2,"SiteEUI(kBtu/sf), SourceEUI(kBtu/sf)"
Airport Way,NonResidential,Refrigerated Warehouse,25375,1,158.3999939,497.5,4069301.5,4069301.0,0.0,0.0,28.37,1.12,,2,"SiteEUI(kBtu/sf), SourceEUI(kBtu/sf)"
Airport Way Ctr - Bldg E,Nonresidential COS,Mixed Use Property,23100,1,187.1999969,338.7999878,4323672.0,1572644.0,2751028.0,0.0,157.07,6.8,,3,"SiteEUI(kBtu/sf), SourceEUI(kBtu/sf), GHGEmissionsIntensity"
Care Center,NonResidential,Other,54170,2,107.1999969,221.1999969,5804784.5,2816387.0,2988397.0,0.0,178.35,3.29,,2,"NaturalGas(kBtu), GHGEmissionsIntensity"
Dakota at Rainier Court,Multifamily MR (5-9),Mid-Rise Multifamily,289471,7,48.5,94.30000305,9367205.0,4007228.0,5359977.0,0.0,312.6,1.08,75.0,4,"PropertyGFATotal, SiteEnergyUse(kBtu), NaturalGas(kBtu), TotalGHGEmissions"
(ID#24086)Campus1:KC Metro Transit Atlantic Central Bases,Campus,Other,230971,0,91.0,235.1000061,21022288.0,15419770.0,5602515.0,0.0,405.05,1.75,,6,"PropertyGFATotal, SiteEnergyUse(kBtu), Electricity(kWh), Electricity(kBtu), NaturalGas(kBtu), TotalGHGEmissions"
Homborness,Multifamily LR (1-4),Low-Rise Multifamily,20832,3,78.40000153,116.1999969,1633141.125,337638.0,1295503.0,0.0,71.16,3.42,34.0,1,GHGEmissionsIntensity
COIN,NonResidential,Other,25460,1,101.5,318.7000122,834711.875,834712.0,0.0,0.0,5.82,0.23,,1,SourceEUI(kBtu/sf)
Pac Med Northgate,NonResidential,Medical Office,28385,2,129.0,405.1000061,2654316.0,2654315.0,0.0,0.0,18.5,0.65,1.0,2,"SiteEUI(kBtu/sf), SourceEUI(kBtu/sf)"
640 S Spokane,NonResidential,Other,27933,1,219.3999939,689.0999756,6129780.0,6129779.0,0.0,0.0,42.73,1.53,,4,"SiteEUI(kBtu/sf), SourceEUI(kBtu/sf), Electricity(kWh), Electricity(kBtu)"
WEST,NonResidential,Other,31332,1,114.0,358.1000061,3573328.25,3573328.0,0.0,0.0,24.91,0.8,,2,"SiteEUI(kBtu/sf), SourceEUI(kBtu/sf)"
Springbrook Building,NonResidential,Medical Office,45264,4,85.09999847,267.1000061,1849331.25,1849331.0,0.0,0.0,12.89,0.28,4.0,1,SourceEUI(kBtu/sf)
Springbrook Building LLC 4540,NonResidential,Medical Office,36932,4,102.1999969,320.7999878,2824096.75,2824096.0,0.0,0.0,19.69,0.53,,1,SourceEUI(kBtu/sf)
1760 4th Avenue South,NonResidential,Warehouse,23792,1,119.9000015,376.3999939,2852102.75,2852102.0,0.0,0.0,19.88,0.84,,2,"SiteEUI(kBtu/sf), SourceEUI(kBtu/sf)"
HALMAR,Multifamily LR (1-4),Low-Rise Multifamily,23490,3,70.40000153,97.30000305,1652833.25,263098.0,1389735.0,0.0,75.64,3.22,58.0,1,GHGEmissionsIntensity
(ID24444) Union Art Cooperative Inc,Multifamily LR (1-4),Low-Rise Multifamily,21000,3,56.29999924,87.59999847,1666762.125,404022.0,1262740.0,0.0,69.88,3.33,15.0,1,GHGEmissionsIntensity
Safeway 0423 - 35th Ave,NonResidential,Supermarket / Grocery Store,32822,1,252.3000031,587.5,8839812.0,5408701.0,3431110.0,0.0,219.93,6.7,42.0,4,"SiteEUI(kBtu/sf), SourceEUI(kBtu/sf), NaturalGas(kBtu), GHGEmissionsIntensity"
Metropolitan Market,NonResidential,Supermarket / Grocery Store,24377,1,404.1000061,912.7999878,9851260.0,5697593.0,4153667.0,0.0,260.32,10.68,6.0,6,"SiteEUI(kBtu/sf), SourceEUI(kBtu/sf), SiteEnergyUse(kBtu), NaturalGas(kBtu), TotalGHGEmissions, GHGEmissionsIntensity"
Oak Tree 6,NonResidential,Other,33392,1,83.5,262.0,2786648.75,2786648.0,0.0,0.0,19.43,0.58,,1,SourceEUI(kBtu/sf)
OAKTREE PLAZA ASSOC,NonResidential,Supermarket / Grocery Store,45155,1,147.8000031,351.7000122,6674179.5,4244454.0,2429726.0,0.0,158.63,3.51,6.0,3,"SiteEUI(kBtu/sf), SourceEUI(kBtu/sf), GHGEmissionsIntensity"
Kenyon Industrial Park Building B,NonResidential,Warehouse,44000,1,94.69999695,152.1999969,4302455.5,1148123.0,3154333.0,0.0,175.53,3.99,15.0,2,"NaturalGas(kBtu), GHGEmissionsIntensity"
Kenyon Business Park Building A,NonResidential,Warehouse,36000,1,77.0,109.5,2771820.5,494348.0,2277473.0,0.0,124.4,3.46,44.0,1,GHGEmissionsIntensity
SODO Park Bldg,NonResidential,Other,27760,1,75.09999847,124.0999985,2833624.5,816471.0,2017153.0,0.0,112.82,4.06,,1,GHGEmissionsIntensity
Southwest Precinct,Nonresidential COS,Other,28531,2,123.5,278.3999939,3494929.5,2013762.0,1481167.0,0.0,92.7,3.25,,3,"SiteEUI(kBtu/sf), SourceEUI(kBtu/sf), GHGEmissionsIntensity"
UFCW21 Building,NonResidential,Small- and Mid-Sized Office,43473,3,101.5999985,319.0,4416909.5,4416909.0,0.0,0.0,30.79,0.71,3.0,1,SourceEUI(kBtu/sf)
Westwood Village - Building E,NonResidential,Retail Store,40265,1,91.69999695,277.5,3740373.75,3536625.0,203748.0,0.0,35.48,0.88,19.0,1,SourceEUI(kBtu/sf)
Southwest Teen Life Center and Pool,Nonresidential COS,Other,27227,2,204.8000031,377.2999878,8054334.0,3053337.0,5000997.0,0.0,286.89,10.54,,5,"SiteEUI(kBtu/sf), SourceEUI(kBtu/sf), NaturalGas(kBtu), TotalGHGEmissions, GHGEmissionsIntensity"
Crown Hill Center,NonResidential,Mixed Use Property,42172,1,77.30000305,104.5,3275779.25,473305.0,2802474.0,0.0,152.14,3.61,,1,GHGEmissionsIntensity
Brattain Building,Multifamily LR (1-4),Mixed Use Property,38050,2,120.5,241.1999969,4585966.0,2087707.0,2498259.0,0.0,147.24,3.87,,2,"SiteEUI(kBtu/sf), GHGEmissionsIntensity"
Summit at Madison Park,Multifamily MR (5-9),Mid-Rise Multifamily,439604,6,35.59999847,54.0,8555790.0,3155576.0,2941187.0,0.0,178.21,0.41,99.0,1,PropertyGFATotal
Aljoya Thornton Place,NonResidential,Senior Care Community,244500,6,45.09999847,101.5,11019641.0,6338614.0,4681026.0,0.0,292.8,1.2,100.0,6,"PropertyGFATotal, SiteEnergyUse(kBtu), Electricity(kWh), Electricity(kBtu), NaturalGas(kBtu), TotalGHGEmissions"
"JG Crown Hill, LLC",NonResidential,Retail Store,25384,1,129.0,296.7999878,3027867.5,1811508.0,1216359.0,0.0,77.23,3.04,11.0,2,"SiteEUI(kBtu/sf), SourceEUI(kBtu/sf)"
Kingway Apartments,Multifamily LR (1-4),Low-Rise Multifamily,191330,3,31.70000076,97.19999695,6069855.0,5844237.0,225617.0,0.0,52.73,0.28,54.0,1,PropertyGFATotal
(ID24857) EMPIRE CENTER,NonResidential,Retail Store,37883,1,232.1999969,453.0,12434593.0,5359975.0,7074617.0,0.0,413.1,10.9,88.0,6,"SiteEUI(kBtu/sf), SourceEUI(kBtu/sf), SiteEnergyUse(kBtu), NaturalGas(kBtu), TotalGHGEmissions, GHGEmissionsIntensity"
Promenade North 1,NonResidential,Retail Store,21200,2,79.09999847,248.3000031,1676426.5,1676426.0,0.0,0.0,11.69,0.55,15.0,1,SourceEUI(kBtu/sf)
Promenade South 1,NonResidential,Supermarket / Grocery Store,30630,1,196.0,615.4000244,6058494.0,6058493.0,0.0,0.0,42.24,1.38,27.0,2,"SiteEUI(kBtu/sf), SourceEUI(kBtu/sf)"
Promenade South 2,NonResidential,Retail Store,23421,2,81.0,254.3000031,1896626.375,1896626.0,0.0,0.0,13.22,0.56,25.0,1,SourceEUI(kBtu/sf)
Salmon Bay K-8,SPS-District K-12,K-12 School,117116,3,48.90000153,69.69999695,5722325.5,1031648.0,4690677.0,0.0,256.31,2.19,83.0,2,"NaturalGas(kBtu), TotalGHGEmissions"
Sunset West Condominum Phase II,Multifamily MR (5-9),Mid-Rise Multifamily,239054,7,51.09999847,96.5,12213423.0,4905721.0,7307702.0,0.0,422.31,1.77,48.0,4,"PropertyGFATotal, SiteEnergyUse(kBtu), NaturalGas(kBtu), TotalGHGEmissions"
Sutton Place,Multifamily HR (10+),High-Rise Multifamily,101706,10,66.0,110.8000031,6714540.0,2020862.0,4693677.0,0.0,263.37,2.59,42.0,3,"NumberofFloors, NaturalGas(kBtu), TotalGHGEmissions"
DUWAMISH,NonResidential,Other,36140,3,134.0,420.7000122,4653535.0,4653534.0,0.0,0.0,32.44,0.9,,2,"SiteEUI(kBtu/sf), SourceEUI(kBtu/sf)"
Ding How Shopping Center,NonResidential,Other,47963,2,275.3999939,495.0,8163413.0,2918371.0,5245042.0,0.0,298.91,6.23,,5,"SiteEUI(kBtu/sf), SourceEUI(kBtu/sf), NaturalGas(kBtu), TotalGHGEmissions, GHGEmissionsIntensity"
Beacon Tower,Multifamily HR (10+),High-Rise Multifamily,73898,15,40.29999924,98.69999695,3221754.0,2154352.0,1067402.0,0.0,71.71,0.97,75.0,1,NumberofFloors
O'Dea High School,Campus,K-12 School,46100,4,47.20000076,101.1999969,2177064.75,1097533.0,531237.0,548294.6875,78.19,1.7,75.0,1,SteamUse(kBtu)
Mercer West,Multifamily HR (10+),High-Rise Multifamily,52334,11,27.60000038,86.5,1201781.125,1201781.0,0.0,0.0,8.38,0.16,54.0,1,NumberofFloors
4H Investments,NonResidential,Other,25406,1,96.09999847,257.3999939,2442220.0,1901857.0,540363.0,0.0,41.96,1.65,,1,SourceEUI(kBtu/sf)
KLEE CONDOMINIUM,Multifamily HR (10+),High-Rise Multifamily,162865,12,39.40000153,95.30000305,6320060.0,4144319.0,2175740.0,0.0,144.45,0.89,54.0,1,NumberofFloors
McKinstry SEA - 4800 Denver Warehouse,NonResidential,Warehouse,30000,1,93.19999695,139.6999969,2794837.0,600754.0,2194083.0,0.0,120.72,4.02,32.0,1,GHGEmissionsIntensity
QUINAULT,Multifamily LR (1-4),Low-Rise Multifamily,34580,3,73.90000153,96.69999695,2557181.5,315259.0,2241923.0,0.0,121.27,3.51,53.0,1,GHGEmissionsIntensity
Capitol Park,Multifamily HR (10+),High-Rise Multifamily,78199,11,48.70000076,129.8000031,3893073.5,3007844.0,885229.0,0.0,67.98,0.87,48.0,1,NumberofFloors
Casanita Apts,Multifamily LR (1-4),Low-Rise Multifamily,20640,3,84.40000153,105.3000031,1742518.75,164640.0,1577879.0,0.0,84.95,4.12,33.0,1,GHGEmissionsIntensity
Olive 8,NonResidential,Mixed Use Property,1074552,39,43.0,115.4000015,26416770.0,20663978.0,5752789.0,0.0,449.59,0.42,65.0,7,"PropertyGFATotal, NumberofFloors, SiteEnergyUse(kBtu), Electricity(kWh), Electricity(kBtu), NaturalGas(kBtu), TotalGHGEmissions"
The Victoria,Multifamily LR (1-4),Low-Rise Multifamily,104064,4,49.59999847,70.69999695,5179141.5,931222.0,4247919.0,0.0,232.1,2.23,50.0,2,"NaturalGas(kBtu), TotalGHGEmissions"
Student Union Building / Royal Brougham Pavilion,NonResidential,University,122679,2,159.0,290.7000122,16378152.0,6103316.0,10274835.0,0.0,588.25,4.8,,6,"SiteEUI(kBtu/sf), SourceEUI(kBtu/sf), SiteEnergyUse(kBtu), NaturalGas(kBtu), TotalGHGEmissions, GHGEmissionsIntensity"
5th Avenue Master Meter,Campus,University,537000,2,169.6999969,266.7999878,90609640.0,22619097.0,67990538.0,0.0,3768.66,7.02,,9,"PropertyGFATotal, SiteEUI(kBtu/sf), SourceEUI(kBtu/sf), SiteEnergyUse(kBtu), Electricity(kWh), Electricity(kBtu), NaturalGas(kBtu), TotalGHGEmissions, GHGEmissionsIntensity"
Express Cold Storage,NonResidential,Refrigerated Warehouse,27263,1,90.80000305,285.2000122,2470642.0,2470642.0,0.0,0.0,17.22,0.63,,1,SourceEUI(kBtu/sf)
Pedersens Rentals,NonResidential,Warehouse,31569,1,92.80000305,148.5,3064039.5,804992.0,2259047.0,0.0,125.59,3.98,12.0,1,GHGEmissionsIntensity
One Pacific Towers,Multifamily HR (10+),High-Rise Multifamily,191427,27,55.79999924,129.1000061,9593739.0,5732980.0,2863410.0,997348.1875,269.03,1.41,7.0,5,"PropertyGFATotal, NumberofFloors, SiteEnergyUse(kBtu), SteamUse(kBtu), TotalGHGEmissions"
Wedgewood Estates,Multifamily LR (1-4),Low-Rise Multifamily,233540,2,38.79999924,101.5999985,6481807.5,4855029.0,1626778.0,0.0,120.24,0.51,64.0,1,PropertyGFATotal
The Vine Building HOA,Multifamily HR (10+),High-Rise Multifamily,205779,12,58.09999847,124.0,9686734.0,5015837.0,4670897.0,0.0,283.04,1.38,50.0,5,"PropertyGFATotal, NumberofFloors, SiteEnergyUse(kBtu), NaturalGas(kBtu), TotalGHGEmissions"
Market Place North,Multifamily HR (10+),High-Rise Multifamily,185506,21,83.19999695,251.8000031,11224871.0,10615422.0,609448.0,0.0,106.37,0.57,1.0,6,"PropertyGFATotal, NumberofFloors, SourceEUI(kBtu/sf), SiteEnergyUse(kBtu), Electricity(kWh), Electricity(kBtu)"
The Marlborough,Multifamily HR (10+),High-Rise Multifamily,95280,12,60.40000153,106.9000015,4970199.0,1458172.0,0.0,3512026.5,281.25,2.95,,3,"NumberofFloors, SteamUse(kBtu), TotalGHGEmissions"
Yale Street Landing  and Ocean Alexander,NonResidential,Restaurant,26519,2,140.1999969,318.2000122,3717064.0,2170550.0,1546514.0,0.0,97.27,3.67,,3,"SiteEUI(kBtu/sf), SourceEUI(kBtu/sf), GHGEmissionsIntensity"
Chandler's Cove - SEDO,NonResidential,Mixed Use Property,34639,2,359.7000122,700.2999878,15480681.0,6642344.0,8838336.0,0.0,515.71,14.89,,8,"SiteEUI(kBtu/sf), SourceEUI(kBtu/sf), SiteEnergyUse(kBtu), Electricity(kWh), Electricity(kBtu), NaturalGas(kBtu), TotalGHGEmissions, GHGEmissionsIntensity"
Art Marble 21,NonResidential,Other,26300,2,134.5,263.5,3537841.5,1537923.0,1999918.0,0.0,116.94,4.45,,3,"SiteEUI(kBtu/sf), SourceEUI(kBtu/sf), GHGEmissionsIntensity"
(ID25461) CHINA HARBOR RESTURANT & MARINA,NonResidential,Restaurant,34072,2,193.3000031,366.3999939,6584966.5,2664187.0,3920779.0,0.0,226.81,6.66,,5,"SiteEUI(kBtu/sf), SourceEUI(kBtu/sf), NaturalGas(kBtu), TotalGHGEmissions, GHGEmissionsIntensity"
Waterworks Offices + Marina,NonResidential,Small- and Mid-Sized Office,30840,4,116.4000015,251.6000061,3542708.5,1884294.0,1658414.0,0.0,101.21,3.28,30.0,3,"SiteEUI(kBtu/sf), SourceEUI(kBtu/sf), GHGEmissionsIntensity"
Ida Culver House Ravenna,Multifamily LR (1-4),Senior Care Community,99941,3,64.90000153,124.8000031,5867616.0,2449909.0,3417706.0,0.0,198.59,1.99,83.0,1,NaturalGas(kBtu)
Washington Park Tower,Multifamily HR (10+),High-Rise Multifamily,146102,23,55.90000153,140.0,5235161.5,3641521.0,1593640.0,0.0,110.02,0.75,7.0,1,NumberofFloors
Waterfront Landings,Multifamily MR (5-9),Mid-Rise Multifamily,301229,5,29.79999924,83.69999695,8976533.0,7553875.0,1422658.0,0.0,128.22,0.43,83.0,3,"PropertyGFATotal, Electricity(kWh), Electricity(kBtu)"
Waterfront Place,NonResidential,Large Office,307557,13,40.79999924,128.0,9512829.0,9512827.0,0.0,0.0,66.32,0.22,,5,"PropertyGFATotal, NumberofFloors, SiteEnergyUse(kBtu), Electricity(kWh), Electricity(kBtu)"
University Plaza Condominium,Multifamily HR (10+),High-Rise Multifamily,169565,23,54.40000153,148.5,7325166.0,5882266.0,1442899.0,0.0,117.64,0.69,7.0,1,NumberofFloors
Pioneer Square Hotel,NonResidential,Hotel,45500,4,61.5,116.9000015,2799595.0,1069553.0,788902.0,941139.6875,122.0,2.68,77.0,1,SteamUse(kBtu)
Compass Housing Alliance - Pioneer Square,NonResidential,Mixed Use Property,57600,5,138.0,277.0,6983736.0,3197921.0,3785814.0,0.0,223.36,3.88,,5,"SiteEUI(kBtu/sf), SourceEUI(kBtu/sf), NaturalGas(kBtu), TotalGHGEmissions, GHGEmissionsIntensity"
Nautical Landing,NonResidential,Warehouse,29498,2,130.3999939,372.2999878,3768900.5,3253683.0,515217.0,0.0,50.05,1.7,,2,"SiteEUI(kBtu/sf), SourceEUI(kBtu/sf)"
Herman Blumenthal Building,NonResidential,Small- and Mid-Sized Office,28142,3,30.10000038,64.19999695,847097.8125,414101.0,92381.0,340615.5938,34.08,1.21,96.0,1,SteamUse(kBtu)
The Occidental Building,NonResidential,Small- and Mid-Sized Office,28760,3,107.5,165.1999969,2615973.5,572200.0,1543021.0,500752.8125,124.59,4.33,,2,"SteamUse(kBtu), GHGEmissionsIntensity"
East Precinct,Nonresidential COS,Other,61580,2,115.8000031,313.2000122,4199443.0,3327045.0,872398.0,0.0,69.53,1.13,,2,"SiteEUI(kBtu/sf), SourceEUI(kBtu/sf)"
W00342,NonResidential,Other,28586,2,187.8999939,590.0999756,5078204.0,5078203.0,0.0,0.0,35.4,1.24,,2,"SiteEUI(kBtu/sf), SourceEUI(kBtu/sf)"
Weller & Second Associates,NonResidential,Hotel,28800,3,161.3000031,257.7000122,4644346.0,1218294.0,3426052.0,0.0,190.45,6.61,,4,"SiteEUI(kBtu/sf), SourceEUI(kBtu/sf), NaturalGas(kBtu), GHGEmissionsIntensity"
International Building,NonResidential,Small- and Mid-Sized Office,35202,3,108.0999985,339.5,3605755.5,3605755.0,0.0,0.0,25.14,0.71,2.0,1,SourceEUI(kBtu/sf)
Three20,Multifamily MR (5-9),Mid-Rise Multifamily,130284,6,78.0,154.3000031,7042343.0,3131205.0,3911137.0,0.0,229.55,1.76,33.0,2,"NaturalGas(kBtu), TotalGHGEmissions"
Trinity Parish of Seattle,NonResidential,Worship Facility,48850,1,28.89999962,47.40000153,1063480.5,239923.0,7881.0,815676.125,65.05,1.33,,1,SteamUse(kBtu)
Lincoln Court,Multifamily LR (1-4),Low-Rise Multifamily,20457,3,70.69999695,97.59999847,1534068.25,242504.0,1291564.0,0.0,70.29,3.44,54.0,1,GHGEmissionsIntensity
Burlingame,Multifamily MR (5-9),Mid-Rise Multifamily,26694,6,75.5,110.9000015,2195160.0,440081.0,1755079.0,0.0,96.28,3.61,,1,GHGEmissionsIntensity
1223 Spring Street Condominiums,Multifamily HR (10+),High-Rise Multifamily,66924,12,73.5,104.4000015,4916451.5,872505.0,4043946.0,0.0,220.86,3.3,85.0,4,"NumberofFloors, NaturalGas(kBtu), TotalGHGEmissions, GHGEmissionsIntensity"
Swedish Cultural Center,NonResidential,Other,22960,3,98.69999695,153.0,2266983.0,542327.0,1724655.0,0.0,95.38,4.15,,1,GHGEmissionsIntensity
Safeway 1551 - E John St,NonResidential,Supermarket / Grocery Store,44739,1,326.0,728.7000122,14585813.0,8270312.0,6315500.0,0.0,393.07,8.79,17.0,8,"SiteEUI(kBtu/sf), SourceEUI(kBtu/sf), SiteEnergyUse(kBtu), Electricity(kWh), Electricity(kBtu), NaturalGas(kBtu), TotalGHGEmissions, GHGEmissionsIntensity"
SPBS LLC,NonResidential,Mixed Use Property,22778,1,56.5,70.0,2470566.0,224359.0,2246207.0,0.0,120.86,5.31,,1,GHGEmissionsIntensity
Seattle Tennis Club,NonResidential,Other,71280,3,319.3999939,556.0999756,22767828.0,7528486.0,15239341.0,0.0,861.85,12.09,,8,"SiteEUI(kBtu/sf), SourceEUI(kBtu/sf), SiteEnergyUse(kBtu), Electricity(kWh), Electricity(kBtu), NaturalGas(kBtu), TotalGHGEmissions, GHGEmissionsIntensity"
Park Shore Senior Living,NonResidential,Senior Care Community,153312,16,93.0,159.6000061,20628680.0,6566843.0,14061838.0,0.0,792.6,5.17,51.0,7,"NumberofFloors, SiteEnergyUse(kBtu), Electricity(kWh), Electricity(kBtu), NaturalGas(kBtu), TotalGHGEmissions, GHGEmissionsIntensity"
2201 / Enso Condominiums - SEDO,NonResidential,Mixed Use Property,1206670,19,54.59999847,153.3999939,27684480.0,23343425.0,4341053.0,0.0,393.29,0.33,87.0,7,"PropertyGFATotal, NumberofFloors, SiteEnergyUse(kBtu), Electricity(kWh), Electricity(kBtu), NaturalGas(kBtu), TotalGHGEmissions"
Porter Apartments,Multifamily LR (1-4),Low-Rise Multifamily,26246,4,72.09999847,94.80000305,1893293.125,239864.0,1653429.0,0.0,89.49,3.41,60.0,1,GHGEmissionsIntensity
Cascade Designs Inc. Chamonix S,NonResidential,Other,36000,1,103.0,280.7000122,3646053.75,2922836.0,723217.0,0.0,58.79,1.63,,1,SourceEUI(kBtu/sf)
Stack House Apts - West Bldg,Multifamily MR (5-9),Mid-Rise Multifamily,289076,7,23.0,71.40000153,4545148.0,4465541.0,79606.0,0.0,35.36,0.12,98.0,1,PropertyGFATotal
Greenus Building,NonResidential,Mixed Use Property,24476,2,111.4000015,211.1999969,2662054.25,1077101.0,1584953.0,0.0,91.69,3.75,,2,"SiteEUI(kBtu/sf), GHGEmissionsIntensity"
Manchester Arms,Multifamily MR (5-9),Mid-Rise Multifamily,23600,5,76.90000153,112.1999969,1815371.25,354387.0,1460984.0,0.0,80.06,3.39,96.0,1,GHGEmissionsIntensity
Caroline Kline Galland Home,NonResidential,Senior Care Community,141297,1,137.5,244.8999939,19423344.0,6797882.0,12625460.0,0.0,717.93,5.08,76.0,7,"SiteEUI(kBtu/sf), SiteEnergyUse(kBtu), Electricity(kWh), Electricity(kBtu), NaturalGas(kBtu), TotalGHGEmissions, GHGEmissionsIntensity"
Watermark Tower,Multifamily HR (10+),High-Rise Multifamily,195788,22,43.79999924,137.6000061,7459418.0,7459417.0,0.0,0.0,52.0,0.27,55.0,4,"PropertyGFATotal, NumberofFloors, Electricity(kWh), Electricity(kBtu)"
Alley 24,Multifamily MR (5-9),Mid-Rise Multifamily,524720,6,42.0,75.19999695,6411570.5,2761759.0,2665027.0,0.0,160.79,0.31,94.0,1,PropertyGFATotal
The Granada Apartments,Multifamily MR (5-9),Mid-Rise Multifamily,72576,6,50.90000153,72.0,3694541.25,645568.0,3048973.0,0.0,166.43,2.29,97.0,1,NaturalGas(kBtu)
Emerald Arms,Multifamily MR (5-9),Mid-Rise Multifamily,33279,6,82.5,114.0,2621041.0,416367.0,2204674.0,0.0,119.99,3.61,78.0,1,GHGEmissionsIntensity
Columbia Lutheran Home,NonResidential,Senior Care Community,55974,2,109.5999985,214.1999969,6135173.0,2657803.0,3477370.0,0.0,203.21,3.63,98.0,3,"SiteEUI(kBtu/sf), NaturalGas(kBtu), GHGEmissionsIntensity"
Saint Anne Nursing and Rehab Center,NonResidential,Senior Care Community,22583,1,87.69999695,161.0,1981360.0,743706.0,1237654.0,0.0,70.92,3.14,95.0,1,GHGEmissionsIntensity
University West,Multifamily HR (10+),High-Rise Multifamily,78600,10,46.29999924,128.8999939,3637973.0,3020182.0,617791.0,0.0,53.87,0.69,41.0,1,NumberofFloors
192741-University,NonResidential,Other,25767,2,90.69999695,284.7999878,1581352.75,1581352.0,0.0,0.0,11.02,0.43,22.0,1,SourceEUI(kBtu/sf)
Norse Home,Multifamily MR (5-9),Senior Care Community,95599,7,88.5,147.8000031,8136665.5,2409635.0,5727030.0,0.0,320.96,3.36,44.0,3,"NaturalGas(kBtu), TotalGHGEmissions, GHGEmissionsIntensity"
70500869 -- Wallingford,NonResidential,Supermarket / Grocery Store,28808,1,296.2000122,694.0,9232576.0,5713530.0,3519045.0,0.0,226.73,7.87,29.0,6,"SiteEUI(kBtu/sf), SourceEUI(kBtu/sf), SiteEnergyUse(kBtu), NaturalGas(kBtu), TotalGHGEmissions, GHGEmissionsIntensity"
Safeway 3091 - Brooklyn Ave,NonResidential,Supermarket / Grocery Store,26226,1,293.7999878,741.4000244,7588060.5,5349470.0,2238590.0,0.0,156.18,5.96,37.0,3,"SiteEUI(kBtu/sf), SourceEUI(kBtu/sf), GHGEmissionsIntensity"
The Hearthstone,Multifamily HR (10+),Senior Care Community,198752,10,111.0,186.1999969,22055140.0,6629292.0,15425848.0,0.0,865.48,4.35,24.0,9,"PropertyGFATotal, NumberofFloors, SiteEUI(kBtu/sf), SiteEnergyUse(kBtu), Electricity(kWh), Electricity(kBtu), NaturalGas(kBtu), TotalGHGEmissions, GHGEmissionsIntensity"
Circa Green Lake - Municipal Benchmarking Account,Multifamily LR (1-4),Low-Rise Multifamily,191226,4,28.10000038,64.40000153,8987012.0,5322021.0,3664990.0,0.0,231.75,1.21,85.0,3,"PropertyGFATotal, NaturalGas(kBtu), TotalGHGEmissions"
Green Lake Plaza,Multifamily HR (10+),High-Rise Multifamily,94410,11,52.70000076,143.5,4973948.5,3981441.0,992507.0,0.0,80.47,0.85,22.0,1,NumberofFloors
1600 Fairview,NonResidential,Small- and Mid-Sized Office,37639,3,221.3999939,695.2999878,6197824.5,6197824.0,0.0,0.0,43.21,1.15,,4,"SiteEUI(kBtu/sf), SourceEUI(kBtu/sf), Electricity(kWh), Electricity(kBtu)"
Duncan Building,NonResidential,Small- and Mid-Sized Office,38675,3,118.4000015,287.6000061,1938776.75,1280095.0,658682.0,0.0,43.91,1.14,,2,"SiteEUI(kBtu/sf), SourceEUI(kBtu/sf)"
Fire Headquarters,Nonresidential COS,Small- and Mid-Sized Office,49951,4,91.59999847,175.1999969,5134446.0,2092919.0,2659447.0,382080.0,185.33,3.71,,2,"SteamUse(kBtu), GHGEmissionsIntensity"
53387 - Quintessa,Multifamily HR (10+),High-Rise Multifamily,90959,13,49.20000076,117.0999985,4471029.0,2849805.0,1621223.0,0.0,105.97,1.17,57.0,1,NumberofFloors
Frye Apartments,Multifamily HR (10+),High-Rise Multifamily,177364,11,54.29999924,113.1999969,8692328.0,3955526.0,0.0,4736800.5,393.2,2.22,,3,"NumberofFloors, SteamUse(kBtu), TotalGHGEmissions"
Downtowner,Multifamily MR (5-9),Mid-Rise Multifamily,142510,9,54.59999847,96.40000153,10716391.0,3672015.0,7044376.0,0.0,399.73,2.8,,3,"SiteEnergyUse(kBtu), NaturalGas(kBtu), TotalGHGEmissions"
Imperial House Apartments,Multifamily HR (10+),High-Rise Multifamily,74327,12,56.59999847,136.6999969,4207110.5,2749372.0,1457738.0,0.0,96.59,1.3,24.0,1,NumberofFloors
American Hotel,NonResidential,Hotel,33018,4,165.5,303.7999878,4857581.5,1827547.0,3030034.0,0.0,173.67,5.26,49.0,4,"SiteEUI(kBtu/sf), SourceEUI(kBtu/sf), NaturalGas(kBtu), GHGEmissionsIntensity"
Lakeside West,Multifamily MR (5-9),Mid-Rise Multifamily,80539,6,102.1999969,148.8000031,6779778.0,1315485.0,5464293.0,0.0,299.38,3.72,22.0,3,"NaturalGas(kBtu), TotalGHGEmissions, GHGEmissionsIntensity"
Lamplighter the Condominium,Multifamily HR (10+),High-Rise Multifamily,67813,11,45.79999924,100.4000015,3104171.5,1698381.0,1405790.0,0.0,86.5,1.28,77.0,1,NumberofFloors
North Lake Office Bldg.,NonResidential,Small- and Mid-Sized Office,44510,3,83.30000305,261.3999939,2188051.25,2188051.0,0.0,0.0,15.25,0.34,23.0,1,SourceEUI(kBtu/sf)
NP Hotel,Multifamily MR (5-9),Mid-Rise Multifamily,34848,6,90.90000153,138.1999969,3776768.25,849497.0,2927271.0,0.0,161.39,4.63,,1,GHGEmissionsIntensity
International Terrace,Multifamily HR (10+),High-Rise Multifamily,76094,12,48.09999847,124.0,3634625.75,2658056.0,976569.0,0.0,70.4,0.93,40.0,1,NumberofFloors
Atlas Building,Multifamily LR (1-4),Low-Rise Multifamily,46560,4,133.5,211.3000031,6881405.5,1756636.0,5124769.0,0.0,284.42,6.11,,4,"SiteEUI(kBtu/sf), NaturalGas(kBtu), TotalGHGEmissions, GHGEmissionsIntensity"
NW Alpha Chi Omega,Multifamily LR (1-4),University,20008,3,75.80000305,118.8000031,1516415.75,375554.0,1140862.0,0.0,63.21,3.16,,1,GHGEmissionsIntensity
Seattle Keiro,NonResidential,Senior Care Community,74840,2,110.5,230.8000031,8268496.5,4111042.0,4157454.0,0.0,249.46,3.33,48.0,4,"SiteEUI(kBtu/sf), NaturalGas(kBtu), TotalGHGEmissions, GHGEmissionsIntensity"
Langston Hughes Performing Arts Center,Nonresidential COS,Other,20992,3,80.09999847,123.0999985,2473302.0,576892.0,1896410.0,0.0,104.74,4.99,,1,GHGEmissionsIntensity
Newmark Tower-375,Multifamily HR (10+),High-Rise Multifamily,220018,24,57.59999847,163.6999969,10046434.0,8615277.0,1431156.0,0.0,136.07,0.62,2.0,5,"PropertyGFATotal, NumberofFloors, SiteEnergyUse(kBtu), Electricity(kWh), Electricity(kBtu)"
Admiral,NonResidential,Supermarket / Grocery Store,31841,1,412.7000122,851.0999756,13140574.0,6365315.0,6775259.0,0.0,404.21,12.69,,8,"SiteEUI(kBtu/sf), SourceEUI(kBtu/sf), SiteEnergyUse(kBtu), Electricity(kWh), Electricity(kBtu), NaturalGas(kBtu), TotalGHGEmissions, GHGEmissionsIntensity"
Arboretum Court 2,NonResidential,Mixed Use Property,21036,2,130.1000061,280.7000122,2735811.5,1450920.0,1284891.0,0.0,78.36,3.73,,3,"SiteEUI(kBtu/sf), SourceEUI(kBtu/sf), GHGEmissionsIntensity"
Trader Joes/AAA,NonResidential,Mixed Use Property,32928,2,172.1000061,540.5,5652231.0,5652230.0,0.0,0.0,39.4,1.2,9.0,2,"SiteEUI(kBtu/sf), SourceEUI(kBtu/sf)"
The Wilsonian,Multifamily MR (5-9),Mid-Rise Multifamily,100234,7,50.79999924,71.90000153,5089903.0,891267.0,4198636.0,0.0,229.2,2.29,91.0,2,"NaturalGas(kBtu), TotalGHGEmissions"
Uwajimaya Village,Multifamily MR (5-9),Mid-Rise Multifamily,294707,5,86.19999695,225.1000061,19234064.0,14368621.0,4865441.0,0.0,358.57,1.22,69.0,6,"PropertyGFATotal, SiteEnergyUse(kBtu), Electricity(kWh), Electricity(kBtu), NaturalGas(kBtu), TotalGHGEmissions"
Bayview Manor,Multifamily HR (10+),Senior Care Community,241387,10,46.29999924,145.3999939,9161371.0,9161370.0,0.0,0.0,63.87,0.26,46.0,4,"PropertyGFATotal, NumberofFloors, Electricity(kWh), Electricity(kBtu)"
Four Seasons Hotel,Multifamily HR (10+),Hotel,326516,20,142.6000061,279.6000061,59107620.0,24332652.0,15120205.0,19654762.0,2489.78,7.63,3.0,11,"PropertyGFATotal, NumberofFloors, SiteEUI(kBtu/sf), SourceEUI(kBtu/sf), SiteEnergyUse(kBtu), Electricity(kWh), Electricity(kBtu), NaturalGas(kBtu), SteamUse(kBtu), TotalGHGEmissions, GHGEmissionsIntensity"
719 2nd Ave (Millennium Tower),NonResidential,Large Office,706176,6,58.20000076,182.8000031,13270687.0,13270685.0,0.0,0.0,92.52,0.13,82.0,4,"PropertyGFATotal, SiteEnergyUse(kBtu), Electricity(kWh), Electricity(kBtu)"
West Seattle Thriftway,NonResidential,Supermarket / Grocery Store,33706,1,273.7000122,651.2999878,8687690.0,5528496.0,3159194.0,0.0,206.33,6.12,22.0,4,"SiteEUI(kBtu/sf), SourceEUI(kBtu/sf), NaturalGas(kBtu), GHGEmissionsIntensity"
Denny Terrace,Multifamily HR (10+),High-Rise Multifamily,139127,10,36.70000076,115.3000031,5106786.5,5106786.0,0.0,0.0,35.6,0.26,68.0,1,NumberofFloors
BILTMORE,Multifamily MR (5-9),Mid-Rise Multifamily,95611,7,84.30000305,117.3000031,8058913.5,1315806.0,6743107.0,0.0,367.3,3.84,50.0,3,"NaturalGas(kBtu), TotalGHGEmissions, GHGEmissionsIntensity"
Royal Crest Condominium,Multifamily HR (10+),High-Rise Multifamily,187080,26,34.59999847,96.19999695,6454820.0,5345013.0,1109806.0,0.0,96.2,0.51,86.0,2,"PropertyGFATotal, NumberofFloors"
Royal Manor,Multifamily HR (10+),High-Rise Multifamily,94000,21,36.09999847,89.90000153,5143676.5,3542770.0,1600906.0,0.0,109.72,1.17,,1,NumberofFloors
Miller Apts LLC,Multifamily LR (1-4),Low-Rise Multifamily,23597,3,81.69999695,154.0,2225265.5,889920.0,1335346.0,0.0,77.12,3.27,,1,GHGEmissionsIntensity
Knights of Columbus,NonResidential,Other,33708,3,23.29999924,60.40000153,786324.0,567086.0,52750.0,166488.4063,19.61,0.58,,1,SteamUse(kBtu)
St. Johns Apartments,Multifamily LR (1-4),Low-Rise Multifamily,24682,3,112.1999969,205.3999939,2681771.0,1002382.0,1679389.0,0.0,96.18,3.9,74.0,2,"SiteEUI(kBtu/sf), GHGEmissionsIntensity"
Mosler Lofts Condominium,Multifamily HR (10+),High-Rise Multifamily,175353,12,42.20000076,105.9000015,6074249.0,4249700.0,1824548.0,0.0,126.53,0.72,53.0,1,NumberofFloors
EMERSON,NonResidential,Other,47237,2,125.5,394.1000061,5981430.0,5981430.0,0.0,0.0,41.7,0.88,,2,"SiteEUI(kBtu/sf), SourceEUI(kBtu/sf)"
The Parc Belltown Condominiums,Multifamily HR (10+),High-Rise Multifamily,187139,13,36.20000076,100.1999969,6772289.0,5571739.0,1200549.0,0.0,102.6,0.55,49.0,2,"PropertyGFATotal, NumberofFloors"
Regata Condominium,Multifamily MR (5-9),Mid-Rise Multifamily,125241,5,40.59999847,78.59999847,5614256.5,2388497.0,3225759.0,0.0,187.97,1.5,93.0,1,NaturalGas(kBtu)
Parkview Plaza,Multifamily HR (10+),High-Rise Multifamily,78538,18,70.90000153,182.6999969,5571501.5,4065856.0,1505645.0,0.0,108.31,1.38,6.0,1,NumberofFloors
Safeway 1550 - Roosevelt Way,NonResidential,Supermarket / Grocery Store,76585,1,335.5,761.2999878,13906080.0,8112028.0,5794050.0,0.0,364.27,4.76,18.0,8,"SiteEUI(kBtu/sf), SourceEUI(kBtu/sf), SiteEnergyUse(kBtu), Electricity(kWh), Electricity(kBtu), NaturalGas(kBtu), TotalGHGEmissions, GHGEmissionsIntensity"
University House,Multifamily HR (10+),High-Rise Multifamily,72831,11,34.0,105.0,2375104.0,2320012.0,55092.0,0.0,19.1,0.26,72.0,1,NumberofFloors
ATWATER,NonResidential,Other,36771,2,156.3000031,490.7000122,5447076.5,5447076.0,0.0,0.0,37.97,1.03,,2,"SiteEUI(kBtu/sf), SourceEUI(kBtu/sf)"
Vali Hai,Multifamily LR (1-4),Low-Rise Multifamily,43346,4,104.3000031,205.6000061,4519115.0,1993750.0,2525365.0,0.0,148.02,3.41,5.0,1,GHGEmissionsIntensity
4010 Associates,NonResidential,Small- and Mid-Sized Office,20410,3,133.3000031,287.7999878,2720238.25,1444160.0,1276078.0,0.0,77.84,3.81,8.0,3,"SiteEUI(kBtu/sf), SourceEUI(kBtu/sf), GHGEmissionsIntensity"
Meridian Condominium,Multifamily HR (10+),High-Rise Multifamily,179678,27,59.5,126.4000015,10699566.0,5490671.0,5208894.0,0.0,314.92,1.75,24.0,4,"NumberofFloors, SiteEnergyUse(kBtu), NaturalGas(kBtu), TotalGHGEmissions"
Meridian Manor Apartments,Multifamily HR (10+),High-Rise Multifamily,75070,10,50.59999847,158.8000031,3796986.5,3796986.0,0.0,0.0,26.47,0.35,18.0,1,NumberofFloors
Bailey Boushay House,NonResidential,Other,34074,3,250.1000061,483.7000122,8521989.0,3603789.0,4918200.0,0.0,286.33,8.4,,5,"SiteEUI(kBtu/sf), SourceEUI(kBtu/sf), NaturalGas(kBtu), TotalGHGEmissions, GHGEmissionsIntensity"
Hotel1000,NonResidential,Hotel,392552,10,88.0,207.3999939,17457560.0,10914911.0,6542646.0,0.0,423.57,1.08,23.0,7,"PropertyGFATotal, NumberofFloors, SiteEnergyUse(kBtu), Electricity(kWh), Electricity(kBtu), NaturalGas(kBtu), TotalGHGEmissions"
70500866 -- Northgate,NonResidential,Supermarket / Grocery Store,44755,1,245.1999969,521.0,11521140.0,5923610.0,5597529.0,0.0,338.58,7.57,56.0,6,"SiteEUI(kBtu/sf), SourceEUI(kBtu/sf), SiteEnergyUse(kBtu), NaturalGas(kBtu), TotalGHGEmissions, GHGEmissionsIntensity"
ELYSIAN BREWING CO & OFFICES,NonResidential,Small- and Mid-Sized Office,23422,3,115.4000015,151.0,2701872.0,334292.0,2367580.0,0.0,128.07,5.47,65.0,2,"SiteEUI(kBtu/sf), GHGEmissionsIntensity"
Sound Mental Health,NonResidential,Other,38879,2,86.69999695,266.1000061,3371659.75,3257087.0,114572.0,0.0,28.79,0.74,,1,SourceEUI(kBtu/sf)
The Madkin,Multifamily LR (1-4),Low-Rise Multifamily,25536,3,70.69999695,88.0,1805138.875,168293.0,1636846.0,0.0,88.11,3.45,56.0,1,GHGEmissionsIntensity
(ID27845) COUNCIL HOUSE,Multifamily HR (10+),High-Rise Multifamily,93021,12,64.69999695,171.0,5656232.0,4312420.0,1343811.0,0.0,101.43,1.09,14.0,1,NumberofFloors
ST MARKS CATHEDRAL,NonResidential,Worship Facility,37700,1,66.69999695,100.0999985,3481727.5,751827.0,2729901.0,0.0,150.23,3.98,38.0,1,GHGEmissionsIntensity
Montlake,Multifamily LR (1-4),Low-Rise Multifamily,20366,2,77.69999695,124.0999985,1581425.75,414668.0,1166758.0,0.0,64.86,3.18,,1,GHGEmissionsIntensity
THE KENNEY,Multifamily LR (1-4),Low-Rise Multifamily,203155,4,35.20000076,98.40000153,6814269.0,5692544.0,1121724.0,0.0,99.26,0.49,,1,PropertyGFATotal
The Pittsburgh,Multifamily LR (1-4),Low-Rise Multifamily,24329,3,91.80000305,124.6999969,2233268.5,329117.0,1904151.0,0.0,103.42,4.25,66.0,1,GHGEmissionsIntensity
Plymouth Poultry,NonResidential,Refrigerated Warehouse,22890,1,215.8999939,629.0999756,10005787.0,8922015.0,1083771.0,0.0,119.76,5.23,,6,"SiteEUI(kBtu/sf), SourceEUI(kBtu/sf), SiteEnergyUse(kBtu), Electricity(kWh), Electricity(kBtu), GHGEmissionsIntensity"
"Park Manor, LLC",NonResidential,Distribution Center,28320,1,149.6000061,408.2999878,4236396.5,3403624.0,832772.0,0.0,67.96,2.4,1.0,2,"SiteEUI(kBtu/sf), SourceEUI(kBtu/sf)"
Rollin Street Flats,Multifamily HR (10+),High-Rise Multifamily,399935,11,64.5,128.6000061,14204281.0,6414247.0,7790033.0,0.0,458.44,1.15,20.0,7,"PropertyGFATotal, NumberofFloors, SiteEnergyUse(kBtu), Electricity(kWh), Electricity(kBtu), NaturalGas(kBtu), TotalGHGEmissions"
Environmental Laboratory,NonResidential,Laboratory,43025,2,218.3000031,485.0,9393108.0,5264469.0,4128638.0,0.0,255.97,5.95,,6,"SiteEUI(kBtu/sf), SourceEUI(kBtu/sf), SiteEnergyUse(kBtu), NaturalGas(kBtu), TotalGHGEmissions, GHGEmissionsIntensity"
Ross Manor,Multifamily HR (10+),High-Rise Multifamily,70939,12,46.59999847,118.5,3307792.5,2361885.0,945907.0,0.0,66.7,0.94,,1,NumberofFloors
Building 4,Multifamily LR (1-4),Low-Rise Multifamily,46725,4,131.3000031,218.6000061,13459221.0,3963184.0,9496036.0,0.0,531.96,11.38,1.0,5,"SiteEUI(kBtu/sf), SiteEnergyUse(kBtu), NaturalGas(kBtu), TotalGHGEmissions, GHGEmissionsIntensity"
The Morrison,Multifamily MR (5-9),Mid-Rise Multifamily,159840,7,109.6999969,235.6999969,13945328.0,7338694.0,6606633.0,0.0,402.04,2.52,1.0,6,"SiteEUI(kBtu/sf), SiteEnergyUse(kBtu), Electricity(kWh), Electricity(kBtu), NaturalGas(kBtu), TotalGHGEmissions"
Commodore Duchess Apartments,Multifamily MR (5-9),Mid-Rise Multifamily,97923,8,147.5,220.6000061,10343027.0,1568735.0,69696.0,8704596.0,686.53,7.01,5.0,5,"SiteEUI(kBtu/sf), SiteEnergyUse(kBtu), SteamUse(kBtu), TotalGHGEmissions, GHGEmissionsIntensity"
605 Union Station,NonResidential,Large Office,268130,11,56.0,175.6000061,15026352.0,14980783.0,45567.0,0.0,106.86,0.4,88.0,5,"PropertyGFATotal, NumberofFloors, SiteEnergyUse(kBtu), Electricity(kWh), Electricity(kBtu)"
625 Union Station,NonResidential,Small- and Mid-Sized Office,68452,11,55.29999924,173.5,3782378.25,3782378.0,0.0,0.0,26.37,0.39,79.0,1,NumberofFloors
705 5th Avenue,NonResidential,Large Office,273185,11,52.20000076,164.0,14709151.0,14709149.0,0.0,0.0,102.54,0.38,88.0,5,"PropertyGFATotal, NumberofFloors, SiteEnergyUse(kBtu), Electricity(kWh), Electricity(kBtu)"
Joule,Multifamily MR (5-9),Mid-Rise Multifamily,436301,6,36.09999847,100.0,8102125.5,6666981.0,1435144.0,0.0,122.7,0.28,75.0,3,"PropertyGFATotal, Electricity(kWh), Electricity(kBtu)"
Prescott Wallingford (Seattle) - Municipal Benchmarking Account,Multifamily MR (5-9),Mid-Rise Multifamily,198233,6,40.29999924,90.30000305,5965171.0,3403056.0,2562115.0,0.0,159.8,0.81,93.0,1,PropertyGFATotal
50269 - Alto Apartments,Multifamily HR (10+),High-Rise Multifamily,176043,17,37.40000153,87.69999695,5907068.0,3666116.0,2240951.0,0.0,144.57,0.82,89.0,1,NumberofFloors
First & Union,NonResidential,Restaurant,42000,13,148.0,335.2999878,7798464.0,4351882.0,933062.0,2513519.25,273.91,6.52,,6,"NumberofFloors, SiteEUI(kBtu/sf), SourceEUI(kBtu/sf), SteamUse(kBtu), TotalGHGEmissions, GHGEmissionsIntensity"
Merrill Gardens/ Corydon,Multifamily LR (1-4),Mixed Use Property,257248,4,31.60000038,86.40000153,7574092.0,6097687.0,1476405.0,0.0,120.92,0.47,98.0,1,PropertyGFATotal
Bay Vista Office Building,NonResidential,Large Office,119701,24,70.0,219.8999939,8382140.5,8382139.0,0.0,0.0,58.44,0.49,67.0,3,"NumberofFloors, Electricity(kWh), Electricity(kBtu)"
SCCC SCIENCE AND MATH,NonResidential,University,84000,5,144.5,262.0,12184124.0,4446528.0,7737596.0,0.0,441.94,5.26,,6,"SiteEUI(kBtu/sf), SourceEUI(kBtu/sf), SiteEnergyUse(kBtu), NaturalGas(kBtu), TotalGHGEmissions, GHGEmissionsIntensity"
70500883 -- West Seattle,NonResidential,Supermarket / Grocery Store,37864,1,212.0,521.0,8025696.0,5407602.0,2618093.0,0.0,176.75,4.67,61.0,3,"SiteEUI(kBtu/sf), SourceEUI(kBtu/sf), GHGEmissionsIntensity"
70500887 -- Broadway Market,NonResidential,Supermarket / Grocery Store,66497,2,139.6999969,433.7000122,9290214.0,9133009.0,157203.0,0.0,72.02,1.08,84.0,5,"SiteEUI(kBtu/sf), SourceEUI(kBtu/sf), SiteEnergyUse(kBtu), Electricity(kWh), Electricity(kBtu)"
LUMEN Commercial,NonResidential,Retail Store,34010,4,92.69999695,290.8999939,3560614.25,3560614.0,0.0,0.0,24.82,0.73,,1,SourceEUI(kBtu/sf)
70500881 -- Uptown,NonResidential,Supermarket / Grocery Store,45980,4,180.6000061,433.7000122,8305255.0,5369235.0,2936020.0,0.0,193.36,4.21,79.0,3,"SiteEUI(kBtu/sf), SourceEUI(kBtu/sf), GHGEmissionsIntensity"
Harvard Market,NonResidential,Retail Store,45743,3,117.4000015,322.2999878,5313217.0,4307444.0,1005772.0,0.0,83.45,1.82,88.0,2,"SiteEUI(kBtu/sf), SourceEUI(kBtu/sf)"
CenturyLink Field Event Center,NonResidential,Other,333698,6,41.09999847,102.0999985,13730204.0,9401937.0,4328267.0,0.0,295.42,0.89,,6,"PropertyGFATotal, SiteEnergyUse(kBtu), Electricity(kWh), Electricity(kBtu), NaturalGas(kBtu), TotalGHGEmissions"
Coppins Well (1200 Madison),Multifamily HR (10+),High-Rise Multifamily,236148,17,47.29999924,108.1999969,9162810.0,5431236.0,3731573.0,0.0,236.05,1.0,69.0,4,"PropertyGFATotal, NumberofFloors, NaturalGas(kBtu), TotalGHGEmissions"
Sandpoint #5,NonResidential,Warehouse,384772,0,36.70000076,84.09999847,15206762.0,9014872.0,6191888.0,0.0,391.7,1.02,69.0,6,"PropertyGFATotal, SiteEnergyUse(kBtu), Electricity(kWh), Electricity(kBtu), NaturalGas(kBtu), TotalGHGEmissions"
Sandpoint #29,NonResidential,Small- and Mid-Sized Office,21931,0,124.0,221.8999939,3947209.25,1398591.0,2548619.0,0.0,145.11,6.62,32.0,2,"SiteEUI(kBtu/sf), GHGEmissionsIntensity"
OCC Complex,Nonresidential COS,Mixed Use Property,87458,1,96.90000153,194.6999969,8475238.0,3890327.0,4584911.0,0.0,270.63,3.09,,2,"NaturalGas(kBtu), TotalGHGEmissions"
Safeway 1586 - 15th Ave,NonResidential,Supermarket / Grocery Store,51400,1,225.6999969,514.7999878,11702959.0,6889168.0,4813790.0,0.0,303.69,5.91,74.0,8,"SiteEUI(kBtu/sf), SourceEUI(kBtu/sf), SiteEnergyUse(kBtu), Electricity(kWh), Electricity(kBtu), NaturalGas(kBtu), TotalGHGEmissions, GHGEmissionsIntensity"
WA021_AVA Queen Anne,Multifamily MR (5-9),Mid-Rise Multifamily,290520,6,33.29999924,73.5,6769410.5,3757426.0,3011984.0,0.0,186.16,0.64,87.0,2,"PropertyGFATotal, NaturalGas(kBtu)"
Broadway Building,Multifamily MR (5-9),Mixed Use Property,184980,6,52.70000076,128.6999969,6897247.5,4593196.0,2304051.0,0.0,154.39,0.83,90.0,1,PropertyGFATotal
Hong Kong Building,Multifamily MR (5-9),Mid-Rise Multifamily,39493,5,126.4000015,221.3999939,4133811.0,1388766.0,2745045.0,0.0,155.47,3.94,,2,"SiteEUI(kBtu/sf), GHGEmissionsIntensity"
Medgar Evers Pool,Nonresidential COS,Other,21400,1,249.3000031,515.2000122,5170809.5,2514599.0,2656210.0,0.0,158.6,7.41,,3,"SiteEUI(kBtu/sf), SourceEUI(kBtu/sf), GHGEmissionsIntensity"
Reasearch and Training Building,NonResidential,Laboratory,178000,8,292.2000122,587.2000122,53166156.0,22135959.0,0.0,31030194.0,2549.47,14.32,,8,"SiteEUI(kBtu/sf), SourceEUI(kBtu/sf), SiteEnergyUse(kBtu), Electricity(kWh), Electricity(kBtu), SteamUse(kBtu), TotalGHGEmissions, GHGEmissionsIntensity"
Central Link Operations and Maintenance Facility,NonResidential,Large Office,162157,4,251.6000061,718.7999878,40613740.0,35110865.0,5502867.0,0.0,537.03,3.31,,8,"SiteEUI(kBtu/sf), SourceEUI(kBtu/sf), SiteEnergyUse(kBtu), Electricity(kWh), Electricity(kBtu), NaturalGas(kBtu), TotalGHGEmissions, GHGEmissionsIntensity"
Safeway 1885 - 1st Ave,NonResidential,Supermarket / Grocery Store,33997,4,262.6000061,781.2999878,8926736.0,8224625.0,702110.0,0.0,94.63,2.78,23.0,4,"SiteEUI(kBtu/sf), SourceEUI(kBtu/sf), Electricity(kWh), Electricity(kBtu)"
Tressa Apartments(ID49693),Multifamily MR (5-9),Mid-Rise Multifamily,375502,6,22.5,32.20000076,8435093.0,1547929.0,6887164.0,0.0,376.57,1.0,100.0,3,"PropertyGFATotal, NaturalGas(kBtu), TotalGHGEmissions"
City Place V - SEDO,NonResidential,Large Office,526423,11,42.79999924,129.8999939,17463744.0,16565434.0,898308.0,0.0,163.19,0.31,97.0,5,"PropertyGFATotal, NumberofFloors, SiteEnergyUse(kBtu), Electricity(kWh), Electricity(kBtu)"
Catharine Blaine K-8,SPS-District K-12,K-12 School,116101,1,0.0,0.0,0.0,0.0,4993620.0,0.0,265.21,2.28,,2,"NaturalGas(kBtu), TotalGHGEmissions"
Magnuson,Nonresidential COS,Other,502030,0,32.70000076,69.0,18470340.0,9359884.0,9110455.0,0.0,549.11,1.09,,6,"PropertyGFATotal, SiteEnergyUse(kBtu), Electricity(kWh), Electricity(kBtu), NaturalGas(kBtu), TotalGHGEmissions"
"Seattle ProCure Management, LLC.",NonResidential,Other,53575,2,593.5999756,1527.300049,31803568.0,23173477.0,8630089.0,0.0,619.9,11.57,,8,"SiteEUI(kBtu/sf), SourceEUI(kBtu/sf), SiteEnergyUse(kBtu), Electricity(kWh), Electricity(kBtu), NaturalGas(kBtu), TotalGHGEmissions, GHGEmissionsIntensity"
Lyric,Multifamily MR (5-9),Mid-Rise Multifamily,224577,7,29.0,71.5,7811542.5,5286113.0,2525429.0,0.0,170.98,0.76,100.0,1,PropertyGFATotal
Home Plate Center,NonResidential,Large Office,157345,6,73.90000153,228.8000031,11624548.0,11385578.0,238969.0,0.0,92.07,0.59,63.0,3,"SiteEnergyUse(kBtu), Electricity(kWh), Electricity(kBtu)"
Alder Hall,NonResidential,Residence Hall,192259,7,44.90000153,110.6999969,8767617.0,5931729.0,2835888.0,0.0,191.97,1.0,72.0,1,PropertyGFATotal
VM Seattle Hospital & Medical Center - Jones Pavilion,NonResidential,Other,267470,7,159.1999969,363.7000122,42584028.0,23795911.0,0.0,18547858.0,1597.56,5.97,,9,"PropertyGFATotal, SiteEUI(kBtu/sf), SourceEUI(kBtu/sf), SiteEnergyUse(kBtu), Electricity(kWh), Electricity(kBtu), SteamUse(kBtu), TotalGHGEmissions, GHGEmissionsIntensity"
Via6 - Residential (EPL),Multifamily HR (10+),High-Rise Multifamily,602398,24,34.5,85.80000305,25397086.0,17471240.0,7925844.0,0.0,542.74,0.9,73.0,7,"PropertyGFATotal, NumberofFloors, SiteEnergyUse(kBtu), Electricity(kWh), Electricity(kBtu), NaturalGas(kBtu), TotalGHGEmissions"
Union at South Lake Union (Municipal Benchmarking Account,Multifamily MR (5-9),Mid-Rise Multifamily,334785,7,37.5,79.40000153,9722237.0,4958421.0,4763816.0,0.0,287.57,0.86,95.0,4,"PropertyGFATotal, SiteEnergyUse(kBtu), NaturalGas(kBtu), TotalGHGEmissions"
Seattle Children's Hospital Building Hope,NonResidential,Hospital,330000,8,239.1999969,490.8999939,57764408.0,27703081.0,30061325.0,0.0,1789.69,5.42,58.0,9,"PropertyGFATotal, SiteEUI(kBtu/sf), SourceEUI(kBtu/sf), SiteEnergyUse(kBtu), Electricity(kWh), Electricity(kBtu), NaturalGas(kBtu), TotalGHGEmissions, GHGEmissionsIntensity"
The Post,Multifamily HR (10+),High-Rise Multifamily,194228,16,39.79999924,110.0,8066399.5,6616178.0,1450220.0,0.0,123.15,0.63,62.0,4,"PropertyGFATotal, NumberofFloors, Electricity(kWh), Electricity(kBtu)"
MARQUEEN / MQH,NonResidential,Retail Store,43832,3,92.19999695,163.5,3886545.0,1343774.0,2542771.0,0.0,144.41,3.29,67.0,1,GHGEmissionsIntensity
Jefferson Square SWAS1490/,NonResidential,Other,146363,6,80.09999847,176.1000061,11730555.0,6438541.0,5292013.0,0.0,325.94,2.23,,5,"SiteEnergyUse(kBtu), Electricity(kWh), Electricity(kBtu), NaturalGas(kBtu), TotalGHGEmissions"
SAFEWAY 2932,NonResidential,Supermarket / Grocery Store,67263,1,218.5,517.5,14697487.0,9272449.0,5425036.0,0.0,352.77,5.24,78.0,8,"SiteEUI(kBtu/sf), SourceEUI(kBtu/sf), SiteEnergyUse(kBtu), Electricity(kWh), Electricity(kBtu), NaturalGas(kBtu), TotalGHGEmissions, GHGEmissionsIntensity"
Market Place Tower,NonResidential,Large Office,354086,13,56.70000076,167.6999969,13458948.0,12288296.0,1170651.0,0.0,147.84,0.42,88.0,5,"PropertyGFATotal, NumberofFloors, SiteEnergyUse(kBtu), Electricity(kWh), Electricity(kBtu)"
2020 Fifth Avenue Dat Center,NonResidential,Other,90679,7,694.7000122,2181.300049,41680640.0,41680634.0,0.0,0.0,290.57,3.2,100.0,7,"SiteEUI(kBtu/sf), SourceEUI(kBtu/sf), SiteEnergyUse(kBtu), Electricity(kWh), Electricity(kBtu), TotalGHGEmissions, GHGEmissionsIntensity"
UW Medicine Phase 3.1,NonResidential,Laboratory,339591,8,240.8999939,547.7000122,41696464.0,24410204.0,17286256.0,0.0,1088.25,3.2,,9,"PropertyGFATotal, SiteEUI(kBtu/sf), SourceEUI(kBtu/sf), SiteEnergyUse(kBtu), Electricity(kWh), Electricity(kBtu), NaturalGas(kBtu), TotalGHGEmissions, GHGEmissionsIntensity"
Bullitt Center,NonResidential,Small- and Mid-Sized Office,52000,6,7.099999905,2.0,342726.0938,-115417.0,0.0,0.0,-0.8,-0.02,100.0,4,"Electricity(kWh), Electricity(kBtu), TotalGHGEmissions, GHGEmissionsIntensity"
The Martin,Multifamily HR (10+),High-Rise Multifamily,295754,24,40.90000153,95.0,10055690.0,6125547.0,3930142.0,0.0,251.43,0.85,55.0,7,"PropertyGFATotal, NumberofFloors, SiteEnergyUse(kBtu), Electricity(kWh), Electricity(kBtu), NaturalGas(kBtu), TotalGHGEmissions"
LEILANI ON GREENWOOD,Multifamily MR (5-9),Mid-Rise Multifamily,198202,5,32.40000153,71.40000153,6413181.5,3548501.0,2864680.0,0.0,176.88,0.89,100.0,1,PropertyGFATotal
Youngstown Flats,Multifamily MR (5-9),Mid-Rise Multifamily,227672,6,23.10000038,70.0,5258024.5,4984859.0,273165.0,0.0,49.26,0.22,70.0,1,PropertyGFATotal
Joseph Arnold Lofts (The Joe),Multifamily HR (10+),High-Rise Multifamily,161722,13,34.70000076,93.69999695,4634655.0,3659799.0,974855.0,0.0,77.29,0.48,71.0,1,NumberofFloors
WA024_AVA University District,Multifamily MR (5-9),Mid-Rise Multifamily,305925,7,24.70000076,64.69999695,7545909.5,5677985.0,1867924.0,0.0,138.79,0.45,100.0,1,PropertyGFATotal
AMLI South Lake Union 1,Multifamily MR (5-9),Mid-Rise Multifamily,229742,7,33.90000153,80.5,5987079.0,3803533.0,2183546.0,0.0,142.48,0.62,93.0,1,PropertyGFATotal
SOUTH,NonResidential,Other,305025,6,76.59999847,156.5,25959642.0,12331431.0,13628209.0,0.0,809.76,2.65,,6,"PropertyGFATotal, SiteEnergyUse(kBtu), Electricity(kWh), Electricity(kBtu), NaturalGas(kBtu), TotalGHGEmissions"
Home Plate Center Bldg B,NonResidential,Large Office,333714,7,23.89999962,72.80000305,4581493.0,4359095.0,222397.0,0.0,42.2,0.13,,1,PropertyGFATotal
Slate Apartments,Multifamily MR (5-9),Mid-Rise Multifamily,209583,7,20.39999962,49.90000153,5590266.5,3732625.0,1857641.0,0.0,124.68,0.59,96.0,1,PropertyGFATotal
Viktoria,Multifamily HR (10+),High-Rise Multifamily,237186,25,66.0,158.0,11951945.0,7681559.0,4270385.0,0.0,280.35,1.18,34.0,7,"PropertyGFATotal, NumberofFloors, SiteEnergyUse(kBtu), Electricity(kWh), Electricity(kBtu), NaturalGas(kBtu), TotalGHGEmissions"
Green Lake Village,Multifamily MR (5-9),Mid-Rise Multifamily,292376,6,36.29999924,82.19999695,10084950.0,5851607.0,4233343.0,0.0,265.63,0.91,100.0,4,"PropertyGFATotal, SiteEnergyUse(kBtu), NaturalGas(kBtu), TotalGHGEmissions"
The Array,Multifamily MR (5-9),Mid-Rise Multifamily,447915,6,27.0,64.69999695,8437401.0,5436741.0,3000659.0,0.0,197.27,0.44,100.0,2,"PropertyGFATotal, NaturalGas(kBtu)"
Urbana,Multifamily MR (5-9),Mid-Rise Multifamily,439262,8,32.0,82.40000153,9341427.0,6815375.0,2526051.0,0.0,181.67,0.41,99.0,4,"PropertyGFATotal, SiteEnergyUse(kBtu), Electricity(kWh), Electricity(kBtu)"
Rainier Beach Community Center and Pool,Nonresidential COS,Other,53775,1,224.8999939,391.8999939,12095818.0,4007401.0,8088416.0,0.0,457.51,8.51,,6,"SiteEUI(kBtu/sf), SourceEUI(kBtu/sf), SiteEnergyUse(kBtu), NaturalGas(kBtu), TotalGHGEmissions, GHGEmissionsIntensity"
Cielo,Multifamily HR (10+),High-Rise Multifamily,434839,32,46.5,121.6999969,11962615.0,8969953.0,2992662.0,0.0,221.47,0.51,47.0,7,"PropertyGFATotal, NumberofFloors, SiteEnergyUse(kBtu), Electricity(kWh), Electricity(kBtu), NaturalGas(kBtu), TotalGHGEmissions"
Verve,Multifamily HR (10+),High-Rise Multifamily,201839,13,44.40000153,108.6999969,5887101.5,3946056.0,1941045.0,0.0,130.6,0.65,84.0,2,"PropertyGFATotal, NumberofFloors"
Towne Apartments (McKinstry),Multifamily MR (5-9),Mixed Use Property,233528,5,23.29999924,49.0,3590731.0,1803027.0,1787704.0,0.0,107.51,0.46,100.0,1,PropertyGFATotal
SCCC MAIN BROADWAY/EDISON,NonResidential,University,428347,3,78.40000153,183.6999969,37022180.0,21930618.0,1535341.0,13556219.0,1280.81,2.99,,6,"PropertyGFATotal, SiteEnergyUse(kBtu), Electricity(kWh), Electricity(kBtu), SteamUse(kBtu), TotalGHGEmissions"
Virginia Mason Medical Center - 2149,NonResidential,Hospital,374466,8,162.3000031,367.8999939,163945984.0,90060497.0,0.0,73885472.0,6330.91,16.91,74.0,9,"PropertyGFATotal, SiteEUI(kBtu/sf), SourceEUI(kBtu/sf), SiteEnergyUse(kBtu), Electricity(kWh), Electricity(kBtu), SteamUse(kBtu), TotalGHGEmissions, GHGEmissionsIntensity"
Stewart House,Multifamily LR (1-4),Low-Rise Multifamily,49000,3,136.6999969,366.7999878,4602793.5,3599281.0,1003512.0,0.0,78.39,1.6,,2,"SiteEUI(kBtu/sf), SourceEUI(kBtu/sf)"
Pine Building,Multifamily MR (5-9),Mixed Use Property,66460,5,87.69999695,173.3999939,5826745.0,2588053.0,3238692.0,0.0,190.05,2.86,,1,NaturalGas(kBtu)
Market Garage,NonResidential,Senior Care Community,197395,3,62.79999924,156.3999939,2737534.5,1888063.0,849471.0,0.0,58.28,0.3,,1,PropertyGFATotal
70500891 -- Ballard,NonResidential,Supermarket / Grocery Store,41198,8,188.6000061,560.7999878,7768057.5,7151865.0,616192.0,0.0,82.58,2.0,44.0,4,"SiteEUI(kBtu/sf), SourceEUI(kBtu/sf), Electricity(kWh), Electricity(kBtu)"
WA023_AVA Ballard,Multifamily MR (5-9),Mid-Rise Multifamily,317814,6,29.89999962,70.30000305,6839997.5,4243497.0,2596500.0,0.0,167.48,0.53,97.0,1,PropertyGFATotal
Broadstone Infinity,Multifamily MR (5-9),Mid-Rise Multifamily,278554,7,22.79999924,72.69999695,6352846.5,5694706.0,2249338.0,0.0,159.16,0.57,100.0,1,PropertyGFATotal
University of Washington - Seattle Campus,Campus,University,9320156,0,93.80000305,246.6000061,873923712.0,657074389.0,0.0,84985240.0,11140.56,1.2,,6,"PropertyGFATotal, SiteEnergyUse(kBtu), Electricity(kWh), Electricity(kBtu), SteamUse(kBtu), TotalGHGEmissions"
Computer Science and Electrical Engineering,NonResidential,University,203030,6,252.0,561.0,51168308.0,28614613.0,0.0,0.0,199.48,0.98,,6,"PropertyGFATotal, SiteEUI(kBtu/sf), SourceEUI(kBtu/sf), SiteEnergyUse(kBtu), Electricity(kWh), Electricity(kBtu)"
Lander Hall,NonResidential,Residence Hall,166991,0,95.59999847,211.8000031,15965859.0,8902529.0,7063329.0,0.0,437.2,2.62,19.0,5,"SiteEnergyUse(kBtu), Electricity(kWh), Electricity(kBtu), NaturalGas(kBtu), TotalGHGEmissions"
Mercer Hall,NonResidential,Residence Hall,89392,0,77.90000153,244.5,6960904.5,6960904.0,0.0,0.0,48.53,0.54,16.0,2,"Electricity(kWh), Electricity(kBtu)"
Amazon Phase VI,NonResidential,Large Office,427181,6,38.29999924,109.8000031,16371039.0,14213039.0,2157998.0,0.0,213.7,0.5,99.0,4,"PropertyGFATotal, SiteEnergyUse(kBtu), Electricity(kWh), Electricity(kBtu)"
Stadium Place,Multifamily HR (10+),High-Rise Multifamily,619416,26,53.40000153,114.3000031,23853556.0,12468729.0,11384827.0,0.0,691.57,1.12,89.0,7,"PropertyGFATotal, NumberofFloors, SiteEnergyUse(kBtu), Electricity(kWh), Electricity(kBtu), NaturalGas(kBtu), TotalGHGEmissions"
Dimension,Multifamily HR (10+),High-Rise Multifamily,269065,26,41.5,102.5,8052614.5,5466818.0,2585796.0,0.0,175.44,0.65,92.0,2,"PropertyGFATotal, NumberofFloors"
Nine and Pine,Multifamily MR (5-9),Mid-Rise Multifamily,74509,7,78.40000153,152.6999969,4216639.5,1522898.0,3267424.0,0.0,184.15,2.47,20.0,1,NaturalGas(kBtu)
Premiere on Pine,Multifamily HR (10+),High-Rise Multifamily,499477,41,67.09999847,140.1000061,20657852.0,10250156.0,10370435.0,0.0,622.23,1.25,40.0,7,"PropertyGFATotal, NumberofFloors, SiteEnergyUse(kBtu), Electricity(kWh), Electricity(kBtu), NaturalGas(kBtu), TotalGHGEmissions"
AMLI Mark24,Multifamily MR (5-9),Mid-Rise Multifamily,418285,7,20.0,50.5,8374301.0,5901756.0,2472544.0,0.0,172.46,0.41,100.0,1,PropertyGFATotal
525 at the Enclave,Multifamily MR (5-9),Mid-Rise Multifamily,313595,5,44.79999924,109.5999985,7338641.5,4914130.0,2424511.0,0.0,163.02,0.52,87.0,1,PropertyGFATotal
Walton Lofts,Multifamily HR (10+),High-Rise Multifamily,123686,12,29.70000076,76.80000305,4524791.0,3323059.0,1201731.0,0.0,86.99,0.7,77.0,1,NumberofFloors
Angeline Apartments,Multifamily MR (5-9),Mid-Rise Multifamily,283479,6,41.09999847,76.90000153,6821833.0,2677352.0,4144480.0,0.0,238.78,0.84,100.0,3,"PropertyGFATotal, NaturalGas(kBtu), TotalGHGEmissions"
Dexter Station,NonResidential,Large Office,513816,10,52.09999847,153.1000061,18760766.0,16953109.0,1807655.0,0.0,214.19,0.42,,5,"PropertyGFATotal, NumberofFloors, SiteEnergyUse(kBtu), Electricity(kWh), Electricity(kBtu)"
Hilton Garden Inn Seattle,NonResidential,Hotel,144614,14,34.59999847,105.4000015,5525072.5,5269208.0,255864.0,0.0,50.32,0.35,89.0,1,NumberofFloors
"MAPS 325 Ninth Avenue North, LLC",NonResidential,Large Office,480702,12,37.20000076,109.0999985,12720069.0,11452968.0,1267099.0,0.0,147.14,0.31,99.0,5,"PropertyGFATotal, NumberofFloors, SiteEnergyUse(kBtu), Electricity(kWh), Electricity(kBtu)"
Junction 47,Multifamily MR (5-9),Mid-Rise Multifamily,271922,6,42.29999924,95.0,7682562.5,4390206.0,3292117.0,0.0,205.45,0.76,87.0,2,"PropertyGFATotal, NaturalGas(kBtu)"
"Sidneysea, LLC",NonResidential,Large Office,483397,12,40.90000153,114.5999985,13998638.0,11733018.0,2265619.0,0.0,202.12,0.42,98.0,5,"PropertyGFATotal, NumberofFloors, SiteEnergyUse(kBtu), Electricity(kWh), Electricity(kBtu)"
Odin,Multifamily MR (5-9),Mid-Rise Multifamily,318835,7,30.39999962,73.30000305,7180055.0,4675443.0,2504611.0,0.0,165.61,0.52,100.0,1,PropertyGFATotal
400 FAIRVIEW OFFICE BLDG,Nonresidential COS,Large Office,536697,13,37.90000153,99.19999695,13239050.0,9925769.0,3313279.0,0.0,245.16,0.46,98.0,7,"PropertyGFATotal, NumberofFloors, SiteEnergyUse(kBtu), Electricity(kWh), Electricity(kBtu), NaturalGas(kBtu), TotalGHGEmissions"
Cirrus,Multifamily HR (10+),High-Rise Multifamily,319481,40,41.90000153,96.09999847,15404161.0,9164908.0,6239252.0,0.0,395.26,1.24,,7,"PropertyGFATotal, NumberofFloors, SiteEnergyUse(kBtu), Electricity(kWh), Electricity(kBtu), NaturalGas(kBtu), TotalGHGEmissions"
Airport - Main Terminal,NonResidential,Small- and Mid-Sized Office,24990,2,176.8999939,367.0,4420650.5,2167029.0,2253621.0,0.0,134.8,5.39,9.0,3,"SiteEUI(kBtu/sf), SourceEUI(kBtu/sf), GHGEmissionsIntensity"
Astro Apartments,Multifamily MR (5-9),Mid-Rise Multifamily,260051,7,36.5,87.69999695,5328224.0,3441936.0,1886287.0,0.0,124.18,0.48,98.0,1,PropertyGFATotal
bridges@11th,Multifamily MR (5-9),Mid-Rise Multifamily,233757,7,23.60000038,60.90000153,4433091.5,3233644.0,1199447.0,0.0,86.25,0.37,100.0,1,PropertyGFATotal
Cornish Commons,Multifamily HR (10+),High-Rise Multifamily,149976,20,33.59999847,83.5,4832277.5,3322069.0,1510208.0,0.0,103.37,0.69,99.0,1,NumberofFloors
Rooster Apartments,Multifamily MR (5-9),Mid-Rise Multifamily,213952,7,42.40000153,86.30000305,6562457.5,3099640.0,3462817.0,0.0,205.52,0.96,100.0,2,"PropertyGFATotal, NaturalGas(kBtu)"
Interbay Place,Multifamily LR (1-4),Low-Rise Multifamily,51095,4,55.79999924,288.1000061,2751301.25,4525978.0,0.0,0.0,31.55,0.62,1.0,1,SourceEUI(kBtu/sf)
Terry Hall & Maple Hall,Multifamily MR (5-9),Residence Hall,325000,7,50.70000076,109.9000015,16467486.0,8814581.0,7652903.0,0.0,467.9,1.44,69.0,6,"PropertyGFATotal, SiteEnergyUse(kBtu), Electricity(kWh), Electricity(kBtu), NaturalGas(kBtu), TotalGHGEmissions"
AIBS,NonResidential,Mixed Use Property,345290,6,144.5,333.1000061,39364116.0,23636804.0,15727308.0,0.0,1000.06,2.9,,8,"PropertyGFATotal, SiteEUI(kBtu/sf), SourceEUI(kBtu/sf), SiteEnergyUse(kBtu), Electricity(kWh), Electricity(kBtu), NaturalGas(kBtu), TotalGHGEmissions"
Broadstone Sky,Multifamily MR (5-9),Mid-Rise Multifamily,208136,7,21.10000038,46.90000153,3552185.0,1988772.0,1563413.0,0.0,96.9,0.47,100.0,1,PropertyGFATotal
Ballard Pool,Nonresidential COS,Other,12769,1,400.7999878,618.0999756,5117308.5,1205173.312,3912135.156,0.0,216.18,16.93,,4,"SiteEUI(kBtu/sf), SourceEUI(kBtu/sf), NaturalGas(kBtu), GHGEmissionsIntensity"
Conservatory Campus,Nonresidential COS,Other,23445,1,254.8999939,380.1000061,5976246.0,1260869.84,4715375.781,0.0,259.22,11.06,,5,"SiteEUI(kBtu/sf), SourceEUI(kBtu/sf), NaturalGas(kBtu), TotalGHGEmissions, GHGEmissionsIntensity"
Queen Anne Pool,Nonresidential COS,Other,13157,1,438.2000122,744.7999878,5765898.0,1792158.758,3973739.063,0.0,223.54,16.99,,5,"SiteEUI(kBtu/sf), SourceEUI(kBtu/sf), NaturalGas(kBtu), TotalGHGEmissions, GHGEmissionsIntensity"
